Date,Serial number,Model,PCB #,Panel (A-B),Shell,Source
2024-11-20,CH10009416,C/CGB-JPN-1,?,?-?,ğŸ’œ Grape,US eBay
2024-09-13,CH10014750,Reproduction,"02",1-2,ğŸ’Ÿ Atomic purple,JP eBay
2025-01-01,CH10015972,C/CGB-JPN-1,"02",6-1,ğŸ’› Dandelion,JP eBay
2024-09-04,CH10016415,C/CGB-JPN-1,"02",6-1,ğŸ’› Dandelion,JP eBay
2024-07-30,CH10017929,C/CGB-JPN-1,"02",1-?,ğŸ’› Dandelion,JP eBay
2024-08-10,CH10022636,C/CGB-JPN-1,"02",4-1,ğŸ’› Dandelion,JP eBay
2024-11-17,CH10029727,C/CGB-JPN-1,"02",6-1,ğŸ’› Dandelion,US eBay
2024-08-16,CH10032692,C/CGB-JPN-1,"02",4-2,ğŸ’› Dandelion,JP eBay
2023-05-30,CH10038566,C/CGB-JPN-1,"02",1-2,ğŸ’Ÿ Atomic purple,gbhwdb.gekkio.fi
2024-08-05,CH10047119,C/CGB-JPN-1,"02",1-2,ğŸ’Ÿ Atomic purple,JP eBay
2024-11-06,CH10062944,C/CGB-JPN-1,"02",4-2,ğŸ’Ÿ Atomic purple,JP eBay
2024-07-30,CH10063388,C/CGB-JPN-1,"02",2-2,ğŸ’Ÿ Atomic purple,JP eBay
2024-09-11,CH10063811,Reproduction,"03",1-2,ğŸ’Ÿ Atomic purple,JP eBay
2024-07-30,CH10078341,C/CGB-JPN-1,"02",2-1,ğŸ¤ Clear translucent,JP eBay
2024-08-05,CH10088531,C/CGB-JPN-1,"02",2-1,ğŸ¤ Clear translucent,JP eBay
2024-08-12,CH10092074,C/CGB-JPN-1,"02",2-2,ğŸ¤ Clear translucent,JP eBay
2024-09-08,CH10097384,C/CGB-JPN-1,"02",3-2,ğŸ¤ Clear translucent,JP eBay
2024-08-10,CH10104644,C/CGB-JPN-1,"02",1-2,ğŸ¤ Clear translucent,JP eBay
2024-07-30,CH10105276,C/CGB-JPN-1,"02",4-2,ğŸ©µ Teal,JP eBay
2024-09-08,CH10105854,C/CGB-JPN-1,"02",?-1,ğŸ©µ Teal,JP eBay
2024-10-26,CH10109385,C/CGB-JPN-1,"02",5-1,ğŸ©µ Teal,JP eBay
2024-08-23,CH10126431,C/CGB-JPN-1,"04",1-2,ğŸ©µ Teal,US eBay
2024-07-30,CH10131692,C/CGB-JPN-1,"02",1-1,ğŸ©µ Teal,JP eBay
2024-12-09,CH10152219,C/CGB-JPN-1,"02",2-?,ğŸ’œ Grape,JP eBay
2024-08-05,CH10152493,C/CGB-JPN-1,"02",4-2,ğŸ’œ Grape,JP eBay
2024-08-02,CH10153213,C/CGB-JPN-1,"04",1-1,ğŸ’œ Grape,UK eBay
2024-09-01,CH10158025,C/CGB-JPN-1,"02",3-1,ğŸ’œ Grape,JP eBay
2024-09-03,CH10178307,C/CGB-JPN-1,"02",3-2,ğŸ©· Berry,JP eBay
2024-08-05,CH10184003,C/CGB-JPN-1,"02",1-2,ğŸ©· Berry,JP eBay
2022-08-14,CH10191050,C/CGB-JPN-1,"02",1-1,ğŸ©· Berry,JP eBay
2024-09-28,CH10191151,C/CGB-JPN-1,"02",1-1,ğŸ©· Berry,JP eBay
2024-07-30,CH10223612,C/CGB-JPN-1,"02",3-1,ğŸ¤ Clear translucent,JP eBay
2024-07-30,CH10237269,C/CGB-JPN-1,"02",3-2,ğŸ¤ Clear translucent,JP eBay
2024-08-30,CH10237645,C/CGB-JPN-1,"02",6-2,ğŸ¤ Clear translucent,UK eBay
2024-08-22,CH10238313,C/CGB-JPN-1,"02",3-2,ğŸ¤ Clear translucent,JP eBay
2024-08-22,CH10240120,C/CGB-JPN-1,"02",3-2,ğŸ¤ Clear translucent,JP eBay
2025-01-06,CH10248787,C/CGB-JPN-1,"02",2-2,ğŸ¤ Clear translucent,JP eBay
2024-08-12,CH10259444,C/CGB-JPN-1,"02",2-1,ğŸ©µ Teal,US eBay
2024-11-27,CH10271278,C/CGB-JPN-1,"02",3-2,ğŸ’œ Grape,JP eBay
2024-09-01,CH10295644,Missing,"02",3-2,ğŸ©· Berry,JP eBay
2024-07-22,CH10307391,C/CGB-JPN-1,"02",5-2,ğŸ’Ÿ Atomic purple,JP eBay
2025-05-30,CH10319500,C/CGB-JPN-1,"02",1-2,ğŸ’Ÿ Atomic purple,UK eBay
2024-07-27,CH10340274,C/CGB-JPN-1,"02",6-2,ğŸ©µ Teal,JP eBay
2022-08-11,CH10351165,C/CGB-JPN-1,"02",1-2,ğŸ©µ Teal,JP eBay
2024-09-05,CH10374800,C/CGB-JPN-1,"02",1-2,ğŸ’œ Grape,JP eBay
2024-11-06,CH10461206,C/CGB-JPN-1,"03",4-2,ğŸ©µ Teal,JP eBay
2022-06-28,CH10486180,C/CGB-EUR,?,?-?,ğŸ’œ Grape,UK eBay
2023-05-03,CH10489128,C/CGB-EUR,"03",6-1,ğŸ’œ Grape,UK eBay
2023-05-03,CH10491878,C/CGB-EUR,"03",3-2,ğŸ’œ Grape,UK eBay
2022-07-24,CH10492714,C/CGB-EUR,"03",3-1,ğŸ’œ Grape,UK eBay
2023-05-11,CH10496248,C/CGB-EUR,"03",5-2,ğŸ’œ Grape,UK eBay
2024-08-28,CH10497755,C/CGB-EUR,"03",6-1,ğŸ’œ Grape,UK eBay
2023-04-14,CH10497766,C/CGB-EUR,"03",2-2,ğŸ’œ Grape,UK eBay
2024-07-09,CH10497783,C/CGB-EUR,"03",4-2,ğŸ’œ Grape,UK Marketplace
2024-08-12,CH10500151,C/CGB-EUR,"03",1-1,ğŸ’œ Grape,UK eBay
2024-11-07,CH10508236,C/CGB-EUR,"03",3-2,ğŸ’œ Grape,UK eBay
2023-05-07,CH10511757,C/CGB-EUR,"03",5-2,ğŸ’œ Grape,UK eBay
2024-08-09,CH10512531,C/CGB-EUR,"03",6-1,ğŸ’œ Grape,UK eBay
2024-08-12,CH10516317,C/CGB-EUR,"03",4-2,ğŸ’œ Grape,UK eBay
2023-05-13,CH10522096,Missing,"03",?-?,ğŸ’œ Grape,UK eBay
2024-06-07,CH10522199,C/CGB-EUR,"03",2-1,ğŸ’œ Grape,UK eBay
2023-05-09,CH10523007,C/CGB-EUR,"03",3-2,ğŸ’œ Grape,UK eBay
2022-07-25,CH10524362,C/CGB-EUR,"03",3-1,ğŸ’œ Grape,UK eBay
2024-11-17,CH10524516,C/CGB-EUR,"03",2-1,ğŸ’œ Grape,UK eBay
2024-08-30,CH10529071,Missing,"03",5-2,ğŸ’œ Grape,UK eBay
2025-01-10,CH10571741,C/CGB-EUR,"03",?-1,ğŸ’œ Grape,UK eBay
2024-05-06,CH10609677,C/CGB-EUR,"03",3-2,ğŸ’Ÿ Atomic purple,UK eBay
2024-12-06,CH10612239,C/CGB-EUR,"03",5-1,ğŸ’Ÿ Atomic purple,UK eBay
2024-08-12,CH10614368,C/CGB-EUR,"03",6-2,ğŸ’Ÿ Atomic purple,UK eBay
2024-07-05,CH10626414,C/CGB-EUR,"03",2-2,ğŸ’Ÿ Atomic purple,UK eBay
2023-04-15,CH10678842,C/CGB-JPN-1,"03",1-1,ğŸ¤ Clear translucent,JP eBay
2024-07-30,CH10732605,C/CGB-JPN-1,"03",2-1,ğŸ©· Berry,JP eBay
2022-06-28,CH10741841,C/CGB-JPN-1,?,?-?,ğŸ’› Dandelion,UK eBay
2024-09-08,CH10860318,C/CGB-EUR,"04",4-1,ğŸ©µ Teal,US eBay
2024-08-11,CH11018979,C/CGB-JPN-1,"03",2-2,ğŸ©µ Teal,AU eBay
2025-01-16,CH11048698,C/CGB-JPN-1,"03",1-2,ğŸ’› Dandelion,AU eBay
2024-09-16,CH11193081,C/CGB-JPN-1,"03",5-1,ğŸ©µ Teal,AU eBay
2025-01-15,CH11212536,C/CGB-JPN-1,"03",?-2,ğŸ’› Dandelion,AU eBay
2023-05-01,CH1124?237,C/CGB-EUR,"03",2-2,ğŸ©µ Teal,UK eBay
2024-08-30,CH11335328,C/CGB-EUR,"03",?-?,ğŸ©· Berry,UK eBay
2025-01-21,CH11417063,C/CGB-EUR,"03",5-1,ğŸ©µ Teal,UK eBay
2025-06-05,CH11626153,C/CGB-EUR,"03",4-2,ğŸ’› Dandelion,IT eBay
2025-01-21,CH11653839,C/CGB-JPN-1,"03",5-2,ğŸ©µ Teal,AU eBay
2022-08-02,CH11705856,C/CGB-EUR,"03",4-2,ğŸ’œ Grape,UK eBay
2024-06-19,CH11711125,C/CGB-EUR,"03",4-2,ğŸ’œ Grape,UK eBay
2025-02-04,CH11711127,C/CGB-EUR,"03",4-2,ğŸ’œ Grape,UK eBay
2024-08-10,CH11720767,C/CGB-EUR,"03",5-1,ğŸ©µ Teal,UK eBay
2022-07-14,CH11722789,C/CGB-EUR,"03",5-2,ğŸ©µ Teal,UK eBay
2022-07-20,CH11724016,C/CGB-EUR,"04",5-2,ğŸ’› Dandelion,UK eBay
2023-05-29,CH11725111,C/CGB-EUR,"03",3-2,ğŸ©µ Teal,UK eBay
2024-08-09,CH11726091,C/CGB-EUR,"03",5-1,ğŸ©µ Teal,UK eBay
2024-09-15,CH11728136,C/CGB-EUR,"03",1-2,ğŸ©µ Teal,UK eBay
2022-06-28,CH11734961,C/CGB-EUR,"03",2-1,ğŸ©µ Teal,UK eBay
2025-01-15,CH11740083,C/CGB-EUR,"03",?-1,ğŸ©µ Teal,UK eBay
2024-08-19,CH11740171,C/CGB-EUR,"03",2-1,ğŸ©µ Teal,UK eBay
2022-08-01,CH11755076,C/CGB-EUR,"03",6-1,ğŸ©· Berry,UK eBay
2023-04-22,CH11755868,C/CGB-EUR,"03",5-2,ğŸ©· Berry,UK eBay
2023-05-07,CH11756558,C/CGB-EUR,"03",1-2,ğŸ©· Berry,UK Vinted
2023-05-03,CH11756591,C/CGB-EUR,"03",6-1,ğŸ©· Berry,UK eBay
2025-01-03,CH11756871,C/CGB-EUR,"03",?-1,ğŸ©· Berry,UK eBay
2024-06-30,CH11756890,Missing,"03",1-2,ğŸ©· Berry,UK eBay
2022-07-31,CH11757140,C/CGB-EUR,"03",2-2,ğŸ©· Berry,UK eBay
2024-12-21,CH11757193,C/CGB-EUR,"03",5-2,ğŸ©· Berry,UK eBay
2024-06-30,CH11758419,C/CGB-EUR,"03",6-2,ğŸ©· Berry,UK eBay
2024-12-08,CH11760680,C/CGB-EUR,"03",2-2,ğŸ©· Berry,US eBay
2022-07-31,CH11760878,C/CGB-EUR,"03",2-2,ğŸ©· Berry,UK eBay
2023-05-07,CH11762282,C/CGB-EUR,"03",5-1,ğŸ©· Berry,UK Vinted
2025-06-02,CH11763574,C/CGB-EUR,"03",4-1,ğŸ©· Berry,UK eBay
2022-06-27,CH11764153,C/CGB-EUR,?,?-?,ğŸ©· Berry,UK eBay
2024-05-22,CH11766140,C/CGB-EUR,"03",1-1,ğŸ’› Dandelion,UK eBay
2024-08-02,CH11767490,C/CGB-EUR,"03",2-2,ğŸ’› Dandelion,UK eBay
2023-05-27,CH11773959,C/CGB-EUR,"03",2-1,ğŸ’› Dandelion,UK eBay
2024-08-30,CH11774121,C/CGB-EUR,"03",1-1,ğŸ’› Dandelion,UK eBay
2024-11-23,CH11775009,C/CGB-EUR,"03",1-1,ğŸ’› Dandelion,UK eBay
2024-06-24,CH11775982,C/CGB-EUR,"03",?-2,ğŸ’› Dandelion,UK eBay
2023-05-18,CH11776374,C/CGB-EUR,"03",4-1,ğŸ’› Dandelion,UK eBay
2023-04-30,CH11778068,C/CGB-EUR,"03",6-1,ğŸ’› Dandelion,UK eBay
2024-04-22,CH11779755,C/CGB-EUR,"03",4-1,ğŸ’› Dandelion,UK eBay
2024-04-22,CH11781505,C/CGB-EUR,"03",3-2,ğŸ’› Dandelion,UK eBay
2024-04-25,CH11784989,C/CGB-EUR,"03",?-?,ğŸ’› Dandelion,UK eBay
2024-08-01,CH11793272,C/CGB-EUR,"03",4-2,ğŸ’š Kiwi,UK eBay
2024-07-27,CH11799324,C/CGB-EUR,"03",3-1,ğŸ’š Kiwi,UK eBay
2024-06-06,CH11803815,C/CGB-EUR,"03",4-2,ğŸ’š Kiwi,UK eBay
2022-07-11,CH11806658,C/CGB-EUR,"03",2-1,ğŸ’š Kiwi,UK eBay
2024-09-09,CH11841241,C/CGB-EUR,"04",2-2,ğŸ©· Berry,UK eBay
2024-08-30,CH11861890,C/CGB-EUR,"04",4-2,ğŸ’œ Grape,UK eBay
2023-05-08,CH11861943,C/CGB-EUR,"04",2-1,ğŸ’œ Grape,UK eBay
2022-07-03,CH11865836,C/CGB-EUR,"04",1-1,ğŸ’œ Grape,UK eBay
2024-12-20,CH11870460,C/CGB-EUR,"04",6-2,ğŸ’œ Grape,UK eBay
2024-11-19,CH11876861,C/CGB-EUR,"04",2-1,ğŸ’œ Grape,UK eBay
2024-11-17,CH11877801,C/CGB-EUR,"04",4-2,ğŸ’œ Grape,UK eBay
2022-08-14,CH11882826,C/CGB-EUR,"04",2-1,ğŸ’œ Grape,UK eBay
2022-07-25,CH11883789,C/CGB-EUR,"04",1-2,ğŸ’œ Grape,UK eBay
2024-11-17,CH11886072,C/CGB-EUR,"04",5-1,ğŸ’œ Grape,UK eBay
2023-05-21,CH11886389,C/CGB-EUR,"04",2-2,ğŸ’œ Grape,UK eBay
2024-07-15,CH11886851,C/CGB-EUR,"04",3-1,ğŸ’œ Grape,UK eBay
2022-08-04,CH11888630,C/CGB-EUR,"04",1-2,ğŸ’œ Grape,UK eBay
2024-08-30,CH11889021,C/CGB-EUR,"04",2-1,ğŸ’œ Grape,UK eBay
2024-11-07,CH11890831,C/CGB-EUR,"04",2-2,ğŸ’œ Grape,UK eBay
2024-06-10,CH11894778,C/CGB-EUR,"04",3-1,ğŸ’œ Grape,UK eBay
2024-06-12,CH11899418,C/CGB-EUR,"04",4-1,ğŸ’Ÿ Atomic purple,UK eBay
2022-08-02,CH11903805,C/CGB-EUR,"04",1-1,ğŸ’Ÿ Atomic purple,UK eBay
2024-08-05,CH11904865,C/CGB-EUR,"04",9-2,ğŸ’Ÿ Atomic purple,UK eBay
2023-05-21,CH11905416,C/CGB-EUR,"04",1-2,ğŸ’Ÿ Atomic purple,UK eBay
2022-08-05,CH11909198,C/CGB-EUR,"04",2-2,ğŸ©· Berry,UK eBay
2024-11-09,CH11910775,C/CGB-EUR,"04",4-1,ğŸ©· Berry,UK eBay
2024-06-10,CH11915698,C/CGB-EUR,"04",3-1,ğŸ©· Berry,UK eBay
2024-12-01,CH11918612,C/CGB-EUR,"04",2-2,ğŸ’› Dandelion,UK eBay
2024-07-14,CH11922724,C/CGB-EUR,"04",2-1,ğŸ©µ Teal,UK eBay
2022-08-04,CH11922758,C/CGB-EUR,"04",5-1,ğŸ©µ Teal,UK eBay
2024-09-07,CH11925418,C/CGB-EUR,"04",4-1,ğŸ©µ Teal,UK eBay
2022-07-18,CH11936036,C/CGB-EUR,"04",6-2,ğŸ©µ Teal,UK eBay
2025-06-04,CH11938943,Missing,"04",4-2,ğŸ©µ Teal,UK eBay
2024-05-22,CH11940794,C/CGB-EUR,"04",5-1,ğŸ©µ Teal,UK eBay
2024-05-28,CH11941369,C/CGB-EUR,"04",5-1,ğŸ’š Kiwi,UK eBay
2022-07-24,CH11944584,C/CGB-EUR,"04",3-1,ğŸ’š Kiwi,UK eBay
2023-04-27,CH11946179,C/CGB-EUR,"04",6-2,ğŸ’š Kiwi,UK eBay
2022-07-31,CH11948922,C/CGB-EUR,"04",5-2,ğŸ’š Kiwi,UK eBay
2025-06-06,CH11960217,C/CGB-EUR,"04",3-2,ğŸ’š Kiwi,DE eBay
2024-05-22,CH12015533,C/CGB-EUR,"04",2-1,ğŸ’œ Grape,UK eBay
2022-07-03,CH12022900,C/CGB-EUR,"04",6-2,ğŸ’œ Grape,UK eBay
2024-09-16,CH12076004,C/CGB-EUR,"04",2-1,ğŸ©· Berry,AU eBay
2022-08-05,CH12122442,C/CGB-EUR,"04",1-1,ğŸ’š Kiwi,UK eBay
2024-08-28,CH12126117,C/CGB-EUR,"04",4-2,ğŸ’Ÿ Atomic purple,UK eBay
2022-06-28,CH12126754,C/CGB-EUR,"04",3-2,ğŸ’Ÿ Atomic purple,UK eBay
2024-08-31,CH12127783,C/CGB-EUR,"04",2-1,ğŸ’Ÿ Atomic purple,UK eBay
2022-07-07,CH12132227,C/CGB-EUR,"05",2-8,ğŸ’œ Grape,UK eBay
2024-06-24,CH12135682,C/CGB-EUR,"04",3-1,ğŸ’œ Grape,UK eBay
2024-07-29,CH12138964,C/CGB-EUR,"04",4-2,ğŸ’œ Grape,UK eBay
2024-06-19,CH12143651,C/CGB-EUR,"04",5-2,ğŸ’œ Grape,UK eBay
2024-08-08,CH12147590,C/CGB-EUR,"04",2-2,ğŸ’œ Grape,UK Vinted
2024-08-04,CH12148002,C/CGB-EUR,"04",5-2,ğŸ’œ Grape,UK eBay
2023-05-06,CH12154596,C/CGB-EUR,"04",2-1,ğŸ’œ Grape,UK eBay
2024-11-02,CH12155077,C/CGB-EUR,"04",4-1,ğŸ’œ Grape,UK eBay
2024-06-06,CH12155677,C/CGB-EUR,"04",1-2,ğŸ’œ Grape,UK eBay
2022-07-03,CH12156751,C/CGB-EUR,"05",2-3,ğŸ’œ Grape,UK eBay
2022-08-04,CH12157962,C/CGB-EUR,"04",5-2,ğŸ’œ Grape,UK eBay
2025-05-28,CH12159154,C/CGB-EUR,"04",1-1,ğŸ’œ Grape,UK eBay
2024-11-26,CH12166426,C/CGB-EUR,"04",4-1,ğŸ©µ Teal,UK eBay
2022-08-14,CH12167532,C/CGB-EUR,"04",3-2,ğŸ©µ Teal,UK eBay
2024-06-26,CH12167640,C/CGB-EUR,"04",1-1,ğŸ©µ Teal,UK eBay
2022-07-05,CH12167645,C/CGB-EUR,"04",?-2,ğŸ©µ Teal,UK eBay
2024-08-27,CH12168084,C/CGB-EUR,"04",5-1,ğŸ©µ Teal,UK eBay
2024-11-19,CH12169155,C/CGB-EUR,"04",1-2,ğŸ©µ Teal,UK eBay
2024-12-10,CH12171674,C/CGB-EUR,"04",6-2,ğŸ©µ Teal,UK eBay
2023-05-21,CH12173423,C/CGB-EUR,"04",5-2,ğŸ©µ Teal,UK eBay
2022-06-28,CH12174411,C/CGB-EUR,"04",6-1,ğŸ©µ Teal,UK eBay
2022-08-17,CH12174610,C/CGB-EUR,"04",5-2,ğŸ©µ Teal,UK eBay
2024-07-11,CH12175939,C/CGB-EUR,"04",3-2,ğŸ©µ Teal,UK eBay
2024-11-22,CH12178284,C/CGB-EUR,"04",1-2,ğŸ©µ Teal,UK eBay
2024-11-17,CH12179084,C/CGB-EUR,"04",6-1,ğŸ©µ Teal,UK eBay
2025-01-13,CH12180472,C/CGB-EUR,"04",1-2,ğŸ©µ Teal,UK eBay
2025-02-11,CH12229922,C/CGB-JPN-1,"04",?-1,ğŸ©µ Teal,AU eBay
2024-11-27,CH12234563,C/CGB-JPN-1,"04",?-1,ğŸ©µ Teal,AU eBay
2025-06-17,CH12410706,C/CGB-EUR,"04",3-2,ğŸ’Ÿ Atomic purple,DE eBay
2025-06-05,CH12433173,C/CGB-EUR,"02",1-2,ğŸ’œ Grape,DE eBay
2022-07-19,CH12473257,C/CGB-EUR,"04",5-1,ğŸ’œ Grape,UK eBay
2024-09-01,CH12570655,C/CGB-EUR,"04",?-?,ğŸ©µ Teal,UK eBay
2024-05-08,CH12574003,C/CGB-EUR,"04",3-2,ğŸ©µ Teal,UK eBay
2022-08-16,CH12574333,C/CGB-EUR,"04",1-2,ğŸ’š Kiwi,UK eBay
2024-11-24,CH12577332,C/CGB-EUR,"04",?-?,ğŸ’š Kiwi,UK eBay
2024-11-07,CH12578723,C/CGB-EUR,"04",3-2,ğŸ’š Kiwi,UK eBay
2024-06-25,CH12583573,C/CGB-EUR,"04",6-1,ğŸ’œ Grape,UK eBay
2024-07-29,CH12585004,C/CGB-EUR,"04",5-2,ğŸ’œ Grape,UK eBay
2025-01-04,CH12585573,C/CGB-EUR,"04",5-2,ğŸ’œ Grape,UK eBay
2023-05-19,CH12587807,C/CGB-EUR,"04",1-2,ğŸ’œ Grape,UK eBay
2024-08-19,CH12589594,C/CGB-EUR,"04",5-1,ğŸ’œ Grape,UK eBay
2023-04-29,CH12591816,C/CGB-EUR,"04",4-2,ğŸ’œ Grape,UK eBay
2024-06-17,CH12592810,C/CGB-EUR,"04",6-2,ğŸ’œ Grape,UK eBay
2024-04-25,CH12599202,C/CGB-EUR,"04",?-?,ğŸ’œ Grape,UK eBay
2023-05-27,CH12600378,C/CGB-EUR,"04",1-1,ğŸ’œ Grape,UK eBay
2024-11-09,CH12602253,C/CGB-EUR,"04",5-2,ğŸ’œ Grape,UK eBay
2024-06-24,CH12603559,C/CGB-EUR,"04",3-1,ğŸ’Ÿ Atomic purple,UK eBay
2025-06-02,CH12604683,C/CGB-EUR,"04",1-1,ğŸ’Ÿ Atomic purple,UK eBay
2024-07-05,CH12607115,C/CGB-EUR,"04",3-2,ğŸ’Ÿ Atomic purple,UK eBay
2023-05-21,CH12608151,C/CGB-EUR,"04",4-1,ğŸ’Ÿ Atomic purple,UK eBay
2024-05-18,CH12609196,C/CGB-EUR,"04",2-1,ğŸ’Ÿ Atomic purple,UK eBay
2022-07-23,CH12609485,C/CGB-EUR,"04",2-1,ğŸ’Ÿ Atomic purple,UK eBay
2024-08-01,CH12611040,C/CGB-EUR,"05",2-8,ğŸ’Ÿ Atomic purple,UK eBay
2022-07-28,CH12613165,C/CGB-EUR,"04",3-1,ğŸ’Ÿ Atomic purple,UK eBay
2024-08-08,CH12617394,C/CGB-EUR,"04",6-1,ğŸ’› Dandelion,UK Vinted
2022-07-28,CH12618625,C/CGB-EUR,"04",5-2,ğŸ’› Dandelion,UK eBay
2024-12-21,CH12619677,C/CGB-EUR,"04",?-2,ğŸ’› Dandelion,UK eBay
2024-07-27,CH12621165,C/CGB-EUR,"04",2-2,ğŸ’› Dandelion,UK eBay
2022-07-19,CH12675675,C/CGB-EUR,"04",6-2,ğŸ’œ Grape,UK eBay
2025-01-02,CH12683580,Missing,"04",4-2,ğŸ’š Kiwi,AU eBay
2024-11-28,CH12695160,C/CGB-JPN-1,"04",4-1,ğŸ’œ Grape,AU eBay
2022-06-27,CH12750801,C/CGB-EUR,?,?-?,ğŸ’š Kiwi,UK eBay
2024-12-05,CH12869223,C/CGB-EUR,"04",?-2,ğŸ’œ Grape,UK eBay
2024-08-06,CH12870587,C/CGB-EUR,"04",6-2,ğŸ’œ Grape,UK eBay
2024-06-27,CH12871962,C/CGB-EUR,"04",6-1,ğŸ’œ Grape,UK eBay
2024-12-10,CH12873635,C/CGB-EUR,"04",1-2,ğŸ’œ Grape,UK eBay
2024-12-07,CH12878897,C/CGB-EUR,"04",5-?,ğŸ’œ Grape,UK eBay
2022-07-14,CH12879107,C/CGB-EUR,"04",3-2,ğŸ’œ Grape,UK eBay
2024-06-25,CH12882979,C/CGB-EUR,"04",3-1,ğŸ’œ Grape,UK eBay
2022-08-01,CH12886435,C/CGB-EUR,"04",5-1,ğŸ’œ Grape,UK eBay
2025-01-05,CH12889091,C/CGB-EUR,"04",5-2,ğŸ’œ Grape,UK eBay
2022-07-31,CH12890830,Missing,"04",1-2,ğŸ’œ Grape,UK eBay
2022-07-23,CH12891505,C/CGB-EUR,"04",4-1,ğŸ’œ Grape,UK eBay
2024-09-10,CH12895826,Reproduction,"04",6-2,ğŸ’œ Grape,UK eBay
2024-07-12,CH12896395,C/CGB-EUR,"04",6-2,ğŸ’œ Grape,UK eBay
2024-12-01,CH12897257,C/CGB-EUR,"04",3-2,ğŸ’œ Grape,UK eBay
2022-06-30,CH12898214,C/CGB-EUR,"04",8-2,ğŸ’œ Grape,UK eBay
2024-11-19,CH12902290,C/CGB-EUR,"04",4-1,ğŸ’œ Grape,UK eBay
2024-04-28,CH12908441,C/CGB-EUR,"04",5-1,ğŸ’œ Grape,UK eBay
2022-08-09,CH12910385,C/CGB-EUR,"04",1-2,ğŸ’œ Grape,UK eBay
2022-06-30,CH12916278,C/CGB-EUR,"04",1-1,ğŸ’œ Grape,UK eBay
2023-05-16,CH12918068,C/CGB-EUR,"04",2-2,ğŸ’œ Grape,UK eBay
2024-12-06,CH12922422,C/CGB-EUR,"04",4-1,ğŸ’œ Grape,UK eBay
2022-08-06,CH12925464,C/CGB-EUR,"04",3-2,ğŸ’œ Grape,UK eBay
2025-01-16,CH12926571,C/CGB-EUR,"04",3-2,ğŸ’œ Grape,UK eBay
2022-07-17,CH12930206,C/CGB-EUR,"04",2-1,ğŸ’œ Grape,UK eBay
2022-08-09,CH12936642,C/CGB-EUR,"04",2-1,ğŸ’œ Grape,UK eBay
2024-06-12,CH12937039,C/CGB-EUR,"04",5-2,ğŸ’œ Grape,UK eBay
2024-12-12,CH12937969,C/CGB-EUR,"04",2-2,ğŸ’œ Grape,UK eBay
2025-02-24,CH12943055,C/CGB-EUR,"04",2-2,ğŸ’š Kiwi,UK eBay
2022-08-13,CH12943105,C/CGB-EUR,"04",1-1,ğŸ’š Kiwi,UK eBay
2022-07-07,CH12943726,C/CGB-EUR,"04",5-1,ğŸ’š Kiwi,UK eBay
2022-08-16,CH12946175,C/CGB-EUR,"04",5-1,ğŸ©µ Teal,UK eBay
2024-11-09,CH12950143,C/CGB-EUR,"04",2-1,ğŸ©µ Teal,UK eBay
2022-07-14,CH12955158,C/CGB-EUR,"04",?-?,ğŸ©· Berry,UK eBay
2025-01-03,CH12955209,C/CGB-EUR,"04",5-1,ğŸ©· Berry,UK eBay
2024-11-02,CH12957296,C/CGB-EUR,"04",6-1,ğŸ©· Berry,UK eBay
2024-06-27,CH12959318,C/CGB-EUR,"04",3-1,ğŸ©· Berry,UK eBay
2024-07-02,CH13003937,Missing,"04",3-2,ğŸ’š Kiwi,UK eBay
2025-06-05,CH13012603,C/CGB-EUR,"04",2-2,ğŸ©· Berry,DE eBay
2025-02-11,CH13043105,C/CGB-EUR,"04",1-2,ğŸ’› Dandelion,AU eBay
2024-07-06,CH13052120,C/CGB-EUR,"04",5-2,ğŸ’› Dandelion,UK eBay
2024-10-31,CH13088033,C/CGB-EUR,"04",5-1,ğŸ’Ÿ Atomic purple,UK eBay
2024-09-16,CH13143315,C/CGB-POB-JPN,?,?-?,SE Pokemon w/ Meowth translucent blue/white,consolevariations
2025-01-14,CH13144254,C/CGB-POB-JPN,"04",1-1,SE Pokemon w/ Meowth translucent blue/white,US eBay
2024-08-08,CH13176276,C/CGB-JPN-1,"03",1-2,ğŸ’Ÿ Atomic purple,UK eBay
2024-07-07,CH13180362,C/CGB-EUR,"04",5-2,ğŸ’œ Grape,UK eBay
2024-06-18,CH13180906,C/CGB-EUR,"04",1-1,ğŸ’œ Grape,UK eBay
2024-09-03,CH13181444,Missing,"04",3-1,ğŸ’œ Grape,UK eBay
2024-12-30,CH13191805,C/CGB-EUR,"04",6-1,ğŸ’œ Grape,US eBay
2023-05-30,CH13194563,C/CGB-EUR,"04",6-2,ğŸ’œ Grape,UK eBay
2022-07-03,CH13197348,C/CGB-EUR,"04",4-1,ğŸ’œ Grape,UK eBay
2022-06-28,CH13203806,C/CGB-EUR,"04",4-2,ğŸ’œ Grape,UK eBay
2023-04-29,CH13206110,C/CGB-EUR,"04",3-1,ğŸ’œ Grape,UK eBay
2025-01-16,CH13206387,C/CGB-EUR,"04",5-1,ğŸ’œ Grape,UK eBay
2023-05-05,CH13211348,C/CGB-EUR,"04",2-2,ğŸ’œ Grape,UK eBay
2024-10-31,CH13212497,C/CGB-EUR,"04",?-2,ğŸ’œ Grape,UK eBay
2022-08-14,CH13214069,Missing,"04",3-2,ğŸ’œ Grape,UK eBay
2024-12-05,CH13215456,C/CGB-EUR,"04",1-1,ğŸ’œ Grape,UK eBay
2023-05-17,CH13221665,C/CGB-EUR,"04",4-2,ğŸ’œ Grape,UK eBay
2023-05-16,CH13223302,C/CGB-EUR,"04",3-2,ğŸ’œ Grape,UK eBay
2024-06-02,CH13229689,C/CGB-EUR,"04",5-2,ğŸ©µ Teal,UK eBay
2024-05-18,CH13235205,C/CGB-EUR,"04",1-2,ğŸ©µ Teal,UK eBay
2022-08-14,CH13235688,C/CGB-EUR,"03",1-1,ğŸ©µ Teal,UK eBay
2024-12-05,CH13236008,C/CGB-EUR,"04",6-2,ğŸ©µ Teal,UK eBay
2024-08-31,CH13241049,C/CGB-EUR,"05",1-4,ğŸ©µ Teal,UK eBay
2024-06-27,CH13242379,C/CGB-EUR,"04",2-2,ğŸ©µ Teal,UK eBay
2024-12-14,CH13243195,Missing,"04",5-1,ğŸ’Ÿ Atomic purple,UK eBay
2025-01-21,CH13252559,C/CGB-EUR,"04",6-1,ğŸ’Ÿ Atomic purple,UK eBay
2025-06-02,CH13253104,C/CGB-EUR,"04",1-1,ğŸ’Ÿ Atomic purple,UK eBay
2024-11-28,CH13253708,C/CGB-EUR,"04",3-1,ğŸ’Ÿ Atomic purple,UK eBay
2024-08-08,CH13254398,C/CGB-EUR,"04",1-2,ğŸ’Ÿ Atomic purple,UK eBay
2024-10-31,CH13255733,C/CGB-EUR,"04",3-2,ğŸ’š Kiwi,UK eBay
2024-09-07,CH13255924,C/CGB-EUR,"04",1-1,ğŸ’š Kiwi,UK eBay
2024-11-22,CH13258610,C/CGB-EUR,"04",?-2,ğŸ’š Kiwi,UK eBay
2024-05-26,CH13259686,C/CGB-EUR,"04",3-1,ğŸ’š Kiwi,UK eBay
2024-05-22,CH13260610,C/CGB-EUR,"04",3-1,ğŸ’š Kiwi,UK eBay
2025-01-21,CH13263261,C/CGB-EUR,"04",2-2,ğŸ’š Kiwi,UK eBay
2024-12-14,CH13263935,C/CGB-EUR,"04",3-2,ğŸ’š Kiwi,UK eBay
2024-11-01,CH13266996,C/CGB-EUR,"04",1-1,ğŸ©· Berry,UK eBay
2023-05-06,CH13268063,C/CGB-EUR,"04",6-1,ğŸ©· Berry,UK eBay
2024-11-21,CH13270639,C/CGB-EUR,"03",1-2,ğŸ©· Berry,UK eBay
2024-05-17,CH13272139,C/CGB-EUR,"04",2-2,ğŸ©· Berry,UK eBay
2022-08-05,CH13274694,C/CGB-EUR,"04",1-2,ğŸ’› Dandelion,UK eBay
2024-07-15,CH13279018,C/CGB-EUR,"04",?-?,ğŸ’› Dandelion,UK eBay
2023-05-30,CH13329882,C/CGB-EUR,"04",5-2,ğŸ’š Kiwi,UK eBay
2024-11-30,CH13374178,C/CGB-EUR,"04",6-2,ğŸ’š Kiwi,UK eBay
2022-08-01,CH13415696,C/CGB-EUR,"04",3-1,ğŸ’› Dandelion,UK eBay
2024-07-26,CH13416978,C/CGB-EUR,"04",5-2,ğŸ’› Dandelion,UK eBay
2024-09-12,CH13437706,C/CGB-EUR,"04",4-2,ğŸ’œ Grape,UK eBay
2024-06-26,CH13441649,C/CGB-EUR,"04",4-2,ğŸ’œ Grape,UK eBay
2022-06-28,CH13446500,C/CGB-EUR,"04",6-2,ğŸ’œ Grape,UK eBay
2024-08-08,CH13447617,C/CGB-EUR,"04",5-1,ğŸ’œ Grape,UK eBay
2025-02-05,CH13453376,C/CGB-EUR,"04",6-2,ğŸ’œ Grape,UK eBay
2022-07-26,CH13454118,C/CGB-EUR,"04",2-2,ğŸ’œ Grape,UK eBay
2024-09-08,CH13456945,C/CGB-EUR,"04",4-1,ğŸ’œ Grape,UK eBay
2022-07-10,CH13458484,C/CGB-EUR,"04",3-1,ğŸ’œ Grape,UK eBay
2022-07-24,CH13458536,C/CGB-EUR,"04",5-1,ğŸ’œ Grape,UK eBay
2024-07-18,CH13459843,C/CGB-EUR,"04",4-1,ğŸ’œ Grape,UK eBay
2024-09-16,CH13460373,C/CGB-EUR,"04",1-1,ğŸ’œ Grape,UK eBay
2024-08-27,CH13461696,C/CGB-EUR,"04",4-2,ğŸ’œ Grape,UK eBay
2024-07-08,CH13466698,C/CGB-EUR,"04",1-1,ğŸ’œ Grape,UK eBay
2022-07-18,CH13478433,C/CGB-EUR,"04",3-1,ğŸ’œ Grape,UK eBay
2023-05-20,CH13481165,C/CGB-EUR,"04",2-2,ğŸ’œ Grape,UK eBay
2022-08-02,CH13482454,C/CGB-EUR,"04",3-2,ğŸ’œ Grape,UK eBay
2022-07-18,CH13482761,C/CGB-EUR,"04",6-1,ğŸ’œ Grape,UK eBay
2022-07-31,CH13486280,C/CGB-EUR,"04",4-2,ğŸ©µ Teal,UK eBay
2022-06-28,CH13487146,C/CGB-EUR,?,4-1,ğŸ©µ Teal,UK eBay
2024-11-11,CH13487367,C/CGB-EUR,"04",4-2,ğŸ©µ Teal,UK eBay
2024-08-12,CH13488087,C/CGB-EUR,"04",2-1,ğŸ©µ Teal,UK eBay
2023-05-09,CH13488970,C/CGB-EUR,"04",5-1,ğŸ©µ Teal,UK eBay
2024-05-04,CH13489391,C/CGB-EUR,"04",3-2,ğŸ©µ Teal,UK eBay
2022-08-11,CH13492059,C/CGB-EUR,"04",1-1,ğŸ©µ Teal,UK eBay
2024-09-04,CH13492217,C/CGB-EUR,"04",5-1,ğŸ©µ Teal,UK eBay
2022-07-16,CH13495149,C/CGB-EUR,"04",1-1,ğŸ©µ Teal,UK eBay
2024-08-30,CH13500910,C/CGB-EUR,"04",2-2,ğŸ©µ Teal,UK eBay
2024-05-22,CH13502184,C/CGB-EUR,"04",1-2,ğŸ’š Kiwi,UK eBay
2025-02-26,CH13502344,C/CGB-EUR,"04",6-2,ğŸ’š Kiwi,UK Vinted
2024-06-19,CH13503308,C/CGB-EUR,"04",3-2,ğŸ’š Kiwi,UK eBay
2024-12-10,CH13509977,C/CGB-EUR,"04",6-1,ğŸ’š Kiwi,UK eBay
2024-12-06,CH13510561,C/CGB-EUR,"04",6-2,ğŸ’š Kiwi,UK eBay
2024-04-22,CH13511541,C/CGB-EUR,"04",6-1,ğŸ’š Kiwi,UK eBay
2024-05-14,CH13513406,C/CGB-EUR,"04",2-2,ğŸ’› Dandelion,UK eBay
2024-11-07,CH13513641,C/CGB-EUR,"04",6-1,ğŸ’› Dandelion,UK eBay
2024-11-09,CH13514225,C/CGB-EUR,"04",?-2,ğŸ’› Dandelion,UK eBay
2024-08-30,CH13514549,C/CGB-EUR,"04",6-2,ğŸ’› Dandelion,UK eBay
2022-08-11,CH13515382,C/CGB-EUR,"04",6-2,ğŸ’› Dandelion,UK eBay
2024-11-30,CH13518867,C/CGB-EUR,"04",6-2,ğŸ’› Dandelion,UK eBay
2022-06-28,CH13523461,C/CGB-EUR,"04",5-2,ğŸ’Ÿ Atomic purple,UK eBay
2024-08-27,CH13524425,C/CGB-EUR,"05",2-2,ğŸ’Ÿ Atomic purple,UK eBay
2024-07-17,CH13526252,C/CGB-EUR,"04",1-2,ğŸ’Ÿ Atomic purple,UK eBay
2024-08-19,CH13529162,C/CGB-EUR,"04",?-2,ğŸ’Ÿ Atomic purple,UK eBay
2024-11-01,CH13529852,C/CGB-EUR,"04",6-1,ğŸ’Ÿ Atomic purple,UK eBay
2025-01-17,CH13530580,C/CGB-EUR,"04",4-2,ğŸ’Ÿ Atomic purple,UK eBay
2022-07-07,CH13530782,C/CGB-EUR,"04",4-1,ğŸ’Ÿ Atomic purple,UK eBay
2023-05-05,CH13532115,C/CGB-EUR,"04",4-2,ğŸ©· Berry,UK eBay
2024-12-28,CH13533170,Missing,"04",2-2,ğŸ©· Berry,UK eBay
2025-02-03,CH13534781,C/CGB-EUR,"04",3-2,ğŸ©· Berry,UK eBay
2022-08-04,CH13536388,C/CGB-EUR,"04",3-1,ğŸ©· Berry,UK eBay
2024-11-17,CH13538228,C/CGB-EUR,"04",?-2,ğŸ©· Berry,UK eBay
2024-06-11,CH13552829,C/CGB-EUR,"04",3-2,ğŸ©µ Teal,UK eBay
2024-09-14,CH13570704,C/CGB-EUR,"04",2-1,ğŸ©µ Teal,UK eBay
2025-06-05,CH13602769,C/CGB-EUR,"04",5-1,ğŸ’› Dandelion,DE eBay
2025-02-04,CH13628824,C/CGB-EUR,"04",4-2,ğŸ©· Berry,UK eBay
2024-07-16,CH13661989,C/CGB-EUR,"04",4-1,ğŸ’š Kiwi,UK eBay
2024-05-18,CH13753909,C/CGB-EUR,"04",5-2,ğŸ’œ Grape,UK eBay
2025-01-11,CH13782439,C/CGB-JPN-1,"04",6-2,ğŸ’Ÿ Atomic purple,US eBay
2024-08-17,CH13810622,C/CGB-EUR,"04",5-1,ğŸ’› Dandelion,UK eBay
2025-01-08,CH13841065,C/CGB-POB-JPN,"04",6-2,SE Pokemon w/ Meowth translucent blue/white,AU eBay
2024-08-12,CH13841596,C/CGB-POB-JPN,"04",1-1,SE Pokemon w/ Meowth translucent blue/white,US eBay
2024-06-19,CH13989422,C/CGB-EUR,"04",1-2,ğŸ’Ÿ Atomic purple,UK eBay
2023-05-13,CH14054579,C/CGB-EUR,"04",6-1,ğŸ’› Dandelion,UK eBay
2024-08-05,CH14055443,C/CGB-EUR,"04",5-1,ğŸ’› Dandelion,UK eBay
2024-11-19,CH14059889,C/CGB-EUR,"04",3-1,ğŸ’Ÿ Atomic purple,UK eBay
2025-01-23,CH14060705,C/CGB-EUR,"04",4-1,ğŸ’Ÿ Atomic purple,UK eBay
2023-04-15,CH14061590,C/CGB-EUR,"04",2-2,ğŸ’Ÿ Atomic purple,UK eBay
2025-01-04,CH14062599,C/CGB-EUR,"04",2-2,ğŸ’Ÿ Atomic purple,UK eBay
2024-11-07,CH14064732,Missing,"04",1-1,ğŸ’Ÿ Atomic purple,UK eBay
2023-04-27,CH14065986,C/CGB-EUR,"04",2-1,ğŸ’Ÿ Atomic purple,UK eBay
2024-07-15,CH14070064,C/CGB-EUR,"04",4-2,ğŸ’Ÿ Atomic purple,UK eBay
2022-07-23,CH14070671,C/CGB-EUR,"04",6-1,ğŸ’Ÿ Atomic purple,UK eBay
2022-06-28,CH14073802,C/CGB-EUR,"04",6-1,ğŸ©µ Teal,UK eBay
2024-12-10,CH14079028,C/CGB-EUR,"04",?-2,ğŸ©µ Teal,UK eBay
2022-07-28,CH14079544,C/CGB-EUR,"04",4-2,ğŸ©µ Teal,UK eBay
2023-05-21,CH14080209,C/CGB-EUR,"04",6-2,ğŸ©µ Teal,UK eBay
2024-08-19,CH14080490,C/CGB-EUR,"04",?-2,ğŸ©µ Teal,UK eBay
2024-05-04,CH14083284,Missing,"04",3-?,ğŸ©µ Teal,UK eBay
2024-09-09,CH14083614,C/CGB-EUR,"04",3-2,ğŸ©µ Teal,UK eBay
2024-04-29,CH14085837,C/CGB-EUR,"04",2-2,ğŸ’š Kiwi,UK eBay
2023-05-27,CH14086097,C/CGB-EUR,"04",2-1,ğŸ’š Kiwi,UK eBay
2024-05-02,CH14086651,C/CGB-EUR,"04",?-?,ğŸ’š Kiwi,UK eBay
2024-07-29,CH14090076,C/CGB-EUR,"04",3-2,ğŸ’š Kiwi,UK eBay
2024-05-22,CH14090780,C/CGB-EUR,"04",?-?,ğŸ’š Kiwi,UK eBay
2022-06-27,CH14094268,Missing,"04",5-1,ğŸ’š Kiwi,UK eBay
2024-05-28,CH14096930,Missing,"04",2-2,ğŸ’š Kiwi,UK eBay
2022-06-27,CH14097256,C/CGB-EUR,?,?-?,ğŸ’š Kiwi,UK eBay
2022-06-28,CH14098791,C/CGB-EUR,"04",4-2,ğŸ’š Kiwi,UK eBay
2024-07-22,CH14099142,C/CGB-EUR,"04",4-1,ğŸ’š Kiwi,UK eBay
2024-12-05,CH14100636,C/CGB-EUR,"04",1-1,ğŸ’š Kiwi,UK eBay
2023-04-06,CH14102848,C/CGB-EUR,"04",1-1,ğŸ’š Kiwi,UK eBay
2024-09-09,CH14103704,C/CGB-EUR,"04",4-1,ğŸ’š Kiwi,UK eBay
2025-01-18,CH14107633,C/CGB-EUR,"04",1-2,ğŸ’š Kiwi,UK eBay
2022-08-04,CH14113477,C/CGB-EUR,"04",3-1,ğŸ’š Kiwi,UK eBay
2025-06-05,CH14126804,C/CGB-EUR,"04",6-1,ğŸ©µ Teal,DE eBay
2025-01-11,CH14160981,C/CGB-EUR,"04",2-2,ğŸ’œ Grape,MA eBay
2025-08-08,CH14180549,C/CGB-EUR,"04",2-1,ğŸ’› Dandelion,DE eBay
2025-01-05,CH14211704,C/CGB-EUR,"04",?-1,ğŸ©· Berry,UK eBay
2025-02-07,CH14217952,C/CGB-JPN-1,"04",?-?,ğŸ’œ Grape,AU eBay
2025-05-27,CH14264990,Missing,"04",1-1,ğŸ’Ÿ Atomic purple,US eBay
2025-05-29,CH14344502,C/CGB-EUR,"04",6-2,ğŸ©µ Teal,UK eBay
2024-11-20,CH14437345,C/CGB-EUR,"04",1-2,ğŸ’› Dandelion,UK eBay
2025-06-18,CH14486547,C/CGB-EUR,"04",1-2,ğŸ©· Berry,DE eBay
2024-08-30,CH14494029,C/CGB-EUR,"04",?-2,ğŸ’› Dandelion,UK eBay
2024-06-30,CH14494698,C/CGB-EUR,"04",4-?,ğŸ’› Dandelion,UK eBay
2024-12-24,CH14592135,C/CGB-EUR,"04",4-1,ğŸ’œ Grape,EG eBay
2024-11-26,CH14666844,C/CGB-JPN-1,"04",4-2,ğŸ’œ Grape,AU eBay
2025-01-26,CH14671360,C/CGB-JPN-1,"04",5-1,ğŸ’Ÿ Atomic purple,AU eBay
2024-12-07,CH14686558,C/CGB-JPN-1,"04",?-1,ğŸ©µ Teal,AU eBay
2024-08-02,CH14713999,Missing,"04",3-1,ğŸ’Ÿ Atomic purple,US eBay
2022-06-30,CH14716329,C/CGB-EUR,"04",3-2,ğŸ’Ÿ Atomic purple,UK eBay
2023-03-25,CH14718342,C/CGB-EUR,"04",1-2,ğŸ’Ÿ Atomic purple,UK eBay
2024-05-06,CH14718552,Missing,"04",3-2,ğŸ’Ÿ Atomic purple,UK eBay
2024-07-10,CH14719002,C/CGB-EUR,"04",4-2,ğŸ’Ÿ Atomic purple,UK eBay
2024-06-24,CH14720057,Missing,"04",4-2,ğŸ’Ÿ Atomic purple,UK eBay
2022-08-17,CH14725797,Missing,"04",6-1,ğŸ’Ÿ Atomic purple,UK eBay
2024-09-10,CH14726109,C/CGB-EUR,"04",1-1,ğŸ’Ÿ Atomic purple,UK eBay
2024-08-27,CH14730780,C/CGB-EUR,"04",3-2,ğŸ’Ÿ Atomic purple,UK eBay
2024-05-14,CH14731417,C/CGB-EUR,"04",5-2,ğŸ’Ÿ Atomic purple,UK eBay
2024-08-09,CH14740502,C/CGB-EUR,"04",5-1,ğŸ’› Dandelion,UK eBay
2024-07-10,CH14743468,C/CGB-EUR,"04",6-1,ğŸ’› Dandelion,UK eBay
2022-06-27,CH14744229,Missing,"04",4-2,ğŸ’› Dandelion,UK eBay
2024-12-05,CH14746894,C/CGB-EUR,"04",5-1,ğŸ©µ Teal,UK eBay
2024-11-26,CH14749712,C/CGB-EUR,"04",2-1,ğŸ©µ Teal,UK eBay
2024-12-14,CH14751227,C/CGB-EUR,"04",2-1,ğŸ©µ Teal,UK eBay
2024-07-02,CH14755054,C/CGB-EUR,"04",3-2,ğŸ©µ Teal,UK eBay
2023-05-05,CH14756541,C/CGB-EUR,"04",5-2,ğŸ©µ Teal,UK eBay
2024-09-20,CH14758221,Missing,"04",1-1,ğŸ©µ Teal,UK eBay
2024-08-19,CH14761448,C/CGB-EUR,"04",1-2,ğŸ©µ Teal,UK eBay
2022-08-14,CH14767959,Missing,"04",3-1,ğŸ©µ Teal,UK eBay
2025-01-23,CH14769142,C/CGB-EUR,"04",1-2,ğŸ©µ Teal,UK eBay
2024-07-27,CH14772513,C/CGB-EUR,"04",1-2,ğŸ©µ Teal,UK eBay
2024-07-28,CH14773551,C/CGB-EUR,"04",4-2,ğŸ©µ Teal,UK eBay
2024-07-26,CH14775782,C/CGB-EUR,"04",5-2,ğŸ©µ Teal,UK eBay
2025-02-04,CH14779077,C/CGB-EUR,"04",4-2,ğŸ©µ Teal,UK eBay
2024-12-10,CH14780597,C/CGB-EUR,"04",2-2,ğŸ©µ Teal,UK eBay
2022-06-30,CH14782671,C/CGB-EUR,"04",5-2,ğŸ©µ Teal,UK eBay
2024-07-05,CH14786008,C/CGB-EUR,"04",4-2,ğŸ©µ Teal,UK eBay
2024-06-24,CH14788691,C/CGB-EUR,"04",4-2,ğŸ©µ Teal,UK eBay
2022-06-28,CH14790133,C/CGB-EUR,"04",?-?,ğŸ©µ Teal,UK eBay
2022-06-30,CH14791069,C/CGB-EUR,"04",2-2,ğŸ©µ Teal,UK eBay
2023-04-11,CH14795669,C/CGB-EUR,"04",2-2,ğŸ’š Kiwi,UK eBay
2024-11-22,CH14797034,C/CGB-EUR,"04",3-1,ğŸ’š Kiwi,UK eBay
2022-08-12,CH14801582,C/CGB-EUR,"04",1-1,ğŸ’š Kiwi,UK eBay
2023-05-28,CH14801596,C/CGB-EUR,"04",6-2,ğŸ’š Kiwi,UK eBay
2024-11-22,CH14807480,Missing,"04",1-1,ğŸ’š Kiwi,UK eBay
2022-07-13,CH14808946,Missing,"04",1-2,ğŸ’š Kiwi,UK eBay
2024-11-07,CH14811861,C/CGB-EUR,"04",3-1,ğŸ’š Kiwi,UK eBay
2024-08-27,CH14812493,C/CGB-EUR,"04",2-2,ğŸ’š Kiwi,UK eBay
2024-08-30,CH14812778,C/CGB-EUR,"04",3-1,ğŸ’š Kiwi,UK eBay
2024-05-22,CH14812941,C/CGB-EUR,"04",4-2,ğŸ’š Kiwi,UK eBay
2024-11-23,CH14813704,C/CGB-EUR,"04",3-2,ğŸ’š Kiwi,UK eBay
2022-07-07,CH14814195,C/CGB-EUR,"04",3-2,ğŸ’š Kiwi,UK eBay
2023-04-24,CH14814367,C/CGB-EUR,"04",6-2,ğŸ’š Kiwi,UK eBay
2024-11-18,CH14814740,C/CGB-EUR,"04",1-1,ğŸ’š Kiwi,UK Marketplace
2023-04-14,CH14814834,C/CGB-EUR,"04",5-2,ğŸ’š Kiwi,UK eBay
2022-08-04,CH14818670,C/CGB-EUR,"04",4-2,ğŸ’š Kiwi,UK eBay
2023-04-23,CH14824078,C/CGB-EUR,"04",1-1,ğŸ’š Kiwi,UK eBay
2024-07-29,CH14825854,C/CGB-EUR,"04",4-1,ğŸ’š Kiwi,UK eBay
2022-07-20,CH14827425,C/CGB-EUR,"04",1-2,ğŸ’š Kiwi,UK eBay
2024-04-25,CH14830580,C/CGB-EUR,"04",3-2,ğŸ’š Kiwi,UK eBay
2024-08-12,CH14836097,C/CGB-EUR,"04",6-2,ğŸ’š Kiwi,UK eBay
2025-06-05,CH14877533,C/CGB-EUR,"04",1-2,ğŸ’› Dandelion,IT eBay
2023-03-29,CH14958763,C/CGB-EUR,"04",5-2,ğŸ’Ÿ Atomic purple,UK Other
2024-09-07,CH14989764,C/CGB-EUR,"04",3-2,ğŸ’Ÿ Atomic purple,UK eBay
2025-01-05,CH15080008,C/CGB-EUR,"04",4-1,ğŸ’š Kiwi,GR @Matthaios-Bobolis #6
2025-06-03,CH15104966,C/CGB-EUR,"04",6-2,ğŸ’š Kiwi,JP J4U
2024-09-11,CH15144444,C/CGB-JPN-1,"04",1-2,ğŸ¤ Clear translucent,UK eBay
2024-09-16,CH15147747,C/CGB-JPN-1,"04",3-2,ğŸ©µ Teal,AU eBay
2025-06-18,CH15212287,C/CGB-EUR,"04",?-?,ğŸ’š Kiwi,DE eBay
2022-07-31,CH15220722,C/CGB-EUR,"04",3-1,ğŸ’š Kiwi,UK eBay
2025-06-05,CH15232093,C/CGB-EUR,"04",6-1,ğŸ’œ Grape,IT eBay
2024-06-10,CH15279982,C/CGB-EUR,"04",1-2,ğŸ’Ÿ Atomic purple,UK eBay
2022-06-27,CH15280786,C/CGB-EUR,?,?-?,ğŸ’Ÿ Atomic purple,UK eBay
2024-08-05,CH15281004,C/CGB-EUR,"04",5-1,ğŸ’Ÿ Atomic purple,UK eBay
2024-07-14,CH15282818,C/CGB-EUR,"04",6-2,ğŸ’Ÿ Atomic purple,UK eBay
2024-12-06,CH15286112,C/CGB-EUR,"04",5-2,ğŸ’Ÿ Atomic purple,UK eBay
2024-11-30,CH15286130,C/CGB-EUR,"04",4-1,ğŸ’Ÿ Atomic purple,UK eBay
2024-09-20,CH15289596,C/CGB-EUR,"04",5-1,ğŸ’Ÿ Atomic purple,UK eBay
2024-08-12,CH15289913,C/CGB-EUR,"04",2-2,ğŸ’› Dandelion,UK eBay
2024-12-05,CH15290893,C/CGB-EUR,"04",?-?,ğŸ’› Dandelion,UK eBay
2025-01-23,CH15290934,C/CGB-EUR,"04",4-1,ğŸ’› Dandelion,UK eBay
2024-11-17,CH15290965,C/CGB-EUR,"04",5-2,ğŸ’› Dandelion,UK eBay
2022-07-13,CH15291801,C/CGB-EUR,"04",1-1,ğŸ’› Dandelion,UK eBay
2024-09-10,CH15293361,Missing,"04",1-?,ğŸ’› Dandelion,UK eBay
2022-08-04,CH15295904,C/CGB-EUR,"04",?-2,ğŸ’› Dandelion,UK eBay
2025-05-28,CH15296689,Missing,"04",5-2,ğŸ©µ Teal,UK eBay
2024-08-01,CH15301682,C/CGB-EUR,"04",?-1,ğŸ©µ Teal,UK eBay
2024-11-09,CH15304163,C/CGB-EUR,"04",5-2,ğŸ©µ Teal,UK eBay
2024-07-11,CH15305376,C/CGB-EUR,"04",6-1,ğŸ©µ Teal,UK Vinted
2023-04-22,CH15305974,C/CGB-EUR,"04",5-2,ğŸ©µ Teal,UK eBay
2022-08-01,CH15306776,C/CGB-EUR,"04",?-?,ğŸ©µ Teal,UK eBay
2025-01-05,CH15308837,C/CGB-EUR,"04",5-2,ğŸ©µ Teal,UK eBay
2024-11-25,CH15311435,C/CGB-EUR,"04",?-?,ğŸ©µ Teal,UK eBay
2025-02-12,CH15313905,C/CGB-EUR,"04",3-1,ğŸ’š Kiwi,UK eBay
2022-08-06,CH15315891,C/CGB-EUR,"04",?-?,ğŸ’š Kiwi,UK eBay
2024-12-05,CH15317812,C/CGB-EUR,"04",2-2,ğŸ’š Kiwi,UK eBay
2025-01-03,CH15322116,C/CGB-EUR,"04",3-1,ğŸ’š Kiwi,UK eBay
2022-06-30,CH15323740,C/CGB-EUR,"04",1-2,ğŸ’š Kiwi,UK eBay
2022-08-14,CH15326480,C/CGB-EUR,"04",4-1,ğŸ’š Kiwi,UK eBay
2023-05-20,CH15328258,C/CGB-EUR,"04",3-2,ğŸ’š Kiwi,UK eBay
2024-12-06,CH15344833,C/CGB-EUR,"04",1-2,ğŸ’Ÿ Atomic purple,UK eBay
2022-08-12,CH15344980,C/CGB-EUR,"04",5-2,ğŸ’Ÿ Atomic purple,UK eBay
2022-08-04,CH15375742,C/CGB-EUR,"04",5-2,ğŸ©µ Teal,UK eBay
2024-09-15,CH15382743,Missing,"04",1-1,ğŸ©µ Teal,US eBay
2025-08-08,CH15400541,C/CGB-EUR,"04",3-1,ğŸ©µ Teal,FR eBay
2025-06-05,CH15423564,C/CGB-EUR,"04",3-1,ğŸ©µ Teal,DE eBay
2024-11-01,CH15429794,C/CGB-EUR,"04",3-1,ğŸ©µ Teal,UK eBay
2022-06-27,CH15448970,C/CGB-EUR,?,?-?,ğŸ’Ÿ Atomic purple,UK eBay
2024-12-07,CH15493658,Missing,"04",?-?,ğŸ’Ÿ Atomic purple,UK eBay
2025-01-12,CH15653040,C/CGB-EUR,"04",1-2,ğŸ’œ Grape,UK eBay
2025-06-05,CH15743311,C/CGB-EUR,"04",?-1,ğŸ©· Berry,DE eBay
2025-06-05,CH15767118,C/CGB-EUR,"04",?-1,ğŸ’Ÿ Atomic purple,DE eBay
2022-07-31,CH15767374,C/CGB-EUR,"04",1-2,ğŸ’Ÿ Atomic purple,UK eBay
2024-08-30,CH15799559,C/CGB-EUR,"04",6-2,ğŸ©µ Teal,UK eBay
2022-07-14,CH15871398,C/CGB-EUR,"04",4-1,ğŸ’œ Grape,UK eBay
2024-06-20,CH15885619,C/CGB-EUR,"04",3-2,ğŸ©· Berry,UK eBay
2025-01-04,CH15888469,C/CGB-EUR,"04",1-1,ğŸ’œ Grape,UK eBay
2022-08-12,CH15888616,C/CGB-EUR,"04",5-1,ğŸ’œ Grape,UK eBay
2025-05-28,CH15889085,C/CGB-EUR,"04",2-2,ğŸ’œ Grape,UK eBay
2025-01-17,CH15892033,C/CGB-EUR,"04",1-1,ğŸ’œ Grape,UK eBay
2024-08-13,CH15894601,C/CGB-EUR,"04",4-1,ğŸ’œ Grape,UK eBay
2024-08-09,CH15898155,C/CGB-EUR,"04",5-2,ğŸ’› Dandelion,UK eBay
2024-12-01,CH15904431,C/CGB-EUR,"04",6-1,ğŸ’Ÿ Atomic purple,UK eBay
2024-09-10,CH15904862,C/CGB-EUR,"04",1-2,ğŸ’Ÿ Atomic purple,UK eBay
2023-04-21,CH15905897,C/CGB-EUR,"04",5-2,ğŸ’Ÿ Atomic purple,UK eBay
2024-11-17,CH15907884,C/CGB-EUR,"04",2-1,ğŸ’Ÿ Atomic purple,UK eBay
2022-06-27,CH15908768,C/CGB-EUR,?,?-?,ğŸ’Ÿ Atomic purple,UK eBay
2024-08-27,CH15911539,C/CGB-EUR,"04",?-?,ğŸ’Ÿ Atomic purple,UK eBay
2022-06-27,CH15913938,C/CGB-EUR,?,?-?,ğŸ©· Berry,UK eBay
2022-07-24,CH15915137,C/CGB-EUR,"04",6-1,ğŸ©· Berry,UK eBay
2022-08-07,CH15916028,Missing,"04",1-2,ğŸ©· Berry,UK eBay
2024-11-24,CH15921040,C/CGB-EUR,"04",4-1,ğŸ©µ Teal,UK eBay
2024-06-25,CH15922730,C/CGB-EUR,"04",2-2,ğŸ©µ Teal,UK eBay
2024-06-24,CH15926031,C/CGB-EUR,"04",3-1,ğŸ©µ Teal,UK eBay
2023-04-29,CH15926422,C/CGB-EUR,"04",2-2,ğŸ©µ Teal,UK eBay
2024-11-10,CH15927847,C/CGB-EUR,"04",4-1,ğŸ©µ Teal,AU eBay
2024-07-18,CH15928128,C/CGB-EUR,"04",6-1,ğŸ©µ Teal,UK eBay
2024-11-01,CH15928619,C/CGB-EUR,"04",5-2,ğŸ©µ Teal,UK eBay
2024-05-24,CH15932033,C/CGB-EUR,"04",2-2,ğŸ©µ Teal,UK eBay
2022-08-16,CH15939266,C/CGB-EUR,"04",2-1,ğŸ’š Kiwi,UK eBay
2025-01-04,CH15944074,C/CGB-EUR,"04",2-1,ğŸ’š Kiwi,UK eBay
2025-01-13,CH15946127,C/CGB-EUR,"04",5-2,ğŸ’š Kiwi,UK eBay
2024-07-01,CH15949937,Missing,"04",1-1,ğŸ’š Kiwi,UK eBay
2024-05-06,CH15952202,C/CGB-EUR,"04",5-2,ğŸ’š Kiwi,UK eBay
2022-06-27,CH15954919,C/CGB-EUR,?,?-?,ğŸ’š Kiwi,UK eBay
2022-06-30,CH15985124,C/CGB-EUR,"04",6-2,ğŸ©µ Teal,UK eBay
2023-05-27,CH15995774,C/CGB-EUR,"04",1-1,ğŸ©µ Teal,UK eBay
2023-05-05,CH16067127,C/CGB-EUR,"04",6-1,ğŸ’š Kiwi,UK eBay
2023-05-17,CH16088188,Missing,"04",3-1,ğŸ’š Kiwi,UK eBay
2025-05-29,CH16096503,C/CGB-EUR,"04",4-2,ğŸ’› Dandelion,UK eBay
2025-01-05,CH16137820,C/CGB-EUR,"04",1-1,ğŸ’œ Grape,FR @ThibautPlg #5
2024-09-10,CH16165815,C/CGB-EUR,"04",6-1,ğŸ©· Berry,UK eBay
2025-05-29,CH16266939,C/CGB-EUR,"04",4-2,ğŸ©µ Teal,UK eBay
2024-06-18,CH16276562,C/CGB-EUR,"04",4-2,ğŸ©µ Teal,UK eBay
2025-06-18,CH16281111,Missing,"04",6-2,ğŸ©µ Teal,DE eBay
2025-06-17,CH16291125,C/CGB-EUR,"04",1-3,ğŸ©µ Teal,DE eBay
2024-11-23,CH16295766,C/CGB-EUR,"04",2-3,ğŸ©µ Teal,US eBay
2024-08-06,CH16326975,C/CGB-EUR,"04",1-2,ğŸ’Ÿ Atomic purple,UK eBay
2024-08-03,CH16369823,C/CGB-EUR,"04",2-4,ğŸ’š Kiwi,UK eBay
2023-05-18,CH16389365,C/CGB-EUR,"04",4-2,ğŸ’š Kiwi,UK eBay
2025-02-12,CH16420491,C/CGB-EUR,"04",5-1,ğŸ’› Dandelion,UK eBay
2023-05-24,CH16449562,C/CGB-EUR,"05",2-6,ğŸ’œ Grape,UK eBay
2023-04-29,CH16463394,C/CGB-EUR,"05",1-5,ğŸ©· Berry,UK eBay
2022-07-24,CH16482637,C/CGB-EUR,"05",1-6,ğŸ©· Berry,UK eBay
2025-01-16,CH16528590,C/CGB-EUR,"05",1-4,ğŸ©µ Teal,UK eBay
2022-07-17,CH16533879,C/CGB-EUR,"05",1-5,ğŸ©µ Teal,UK eBay
2025-06-06,CH16635647,C/CGB-EUR,"05",1-4,ğŸ’š Kiwi,DE eBay
2024-09-09,CH16693144,C/CGB-EUR,"05",1-8,ğŸ’œ Grape,UK eBay
2024-04-30,CH16758017,C/CGB-EUR,"05",2-3,ğŸ’Ÿ Atomic purple,UK eBay
2024-09-15,CH16779053,C/CGB-EUR,"05",2-1,ğŸ’› Dandelion,UK eBay
2022-07-23,CH16812555,C/CGB-EUR,"05",1-6,ğŸ©· Berry,UK eBay
2024-07-11,CH16817130,C/CGB-EUR,"05",?-?,ğŸ©· Berry,UK Vinted
2024-09-08,CH16847806,Missing,"05",?-?,ğŸ’› Dandelion,JO ebay
2022-07-31,CH16854940,C/CGB-EUR,"05",1-9,ğŸ’Ÿ Atomic purple,UK eBay
2025-01-21,CH16858852,C/CGB-EUR,"05",1-1,ğŸ©· Berry,UK eBay
2024-12-06,CH16904786,Missing,"05",1-2,ğŸ’Ÿ Atomic purple,US eBay
2024-12-12,CH17104114,C/CGB-EUR,"05",1-4,ğŸ’› Dandelion,UK eBay
2023-05-09,CH17274438,C/CGB-EUR,"05",2-1,ğŸ©· Berry,UK eBay
2023-04-24,CH17300071,C/CGB-EUR,"05",2-1,ğŸ’Ÿ Atomic purple,UK eBay
2025-05-28,CH17343134,C/CGB-JPN-2,"05",1-3,ğŸ¤ Clear translucent,UK eBay
2024-11-24,CH17353967,C/CGB-EUR,"03",4-1,ğŸ’Ÿ Atomic purple,UK eBay
2024-08-30,CH17354220,C/CGB-EUR,"05",1-?,ğŸ’Ÿ Atomic purple,UK eBay
2024-11-19,CH17354886,C/CGB-EUR,"05",2-6,ğŸ’Ÿ Atomic purple,UK eBay
2022-06-27,CH17355814,C/CGB-EUR,?,?-?,ğŸ’Ÿ Atomic purple,UK eBay
2025-02-24,CH17357287,C/CGB-EUR,"05",?-?,ğŸ’Ÿ Atomic purple,UK eBay
2024-12-30,CH17361772,C/CGB-EUR,"05",1-7,ğŸ’Ÿ Atomic purple,UK eBay
2024-11-07,CH17362795,C/CGB-EUR,"05",1-2,ğŸ’› Dandelion,UK eBay
2022-07-05,CH17364136,C/CGB-EUR,"05",2-3,ğŸ’› Dandelion,UK eBay
2024-07-16,CH17374191,C/CGB-EUR,"05",2-5,ğŸ’› Dandelion,UK eBay
2022-08-06,CH17381138,C/CGB-EUR,"05",2-4,ğŸ’› Dandelion,UK eBay
2024-07-29,CH17382716,C/CGB-EUR,"05",?-?,ğŸ’› Dandelion,UK eBay
2022-08-04,CH17382777,C/CGB-EUR,"05",2-3,ğŸ’› Dandelion,UK eBay
2024-09-07,CH17384354,C/CGB-EUR,"05",2-6,ğŸ’› Dandelion,UK eBay
2024-08-27,CH17396508,C/CGB-EUR,"05",1-8,ğŸ’œ Grape,UK eBay
2024-08-04,CH17397991,C/CGB-EUR,"05",2-9,ğŸ’Ÿ Atomic purple,UK eBay
2024-10-26,CH17399450,C/CGB-EUR,"05",2-2,ğŸ’Ÿ Atomic purple,UK eBay
2024-08-19,CH17400248,C/CGB-EUR,"05",2-2,ğŸ’Ÿ Atomic purple,UK eBay
2025-01-13,CH17400836,C/CGB-EUR,"05",1-5,ğŸ’Ÿ Atomic purple,UK eBay
2024-11-22,CH17402518,C/CGB-EUR,"05",1-3,ğŸ’Ÿ Atomic purple,UK eBay
2022-07-20,CH17403099,C/CGB-EUR,"05",1-6,ğŸ’Ÿ Atomic purple,UK eBay
2022-07-07,CH17407346,C/CGB-EUR,"05",1-1,ğŸ’Ÿ Atomic purple,UK eBay
2025-01-02,CH17409768,C/CGB-EUR,"05",1-4,ğŸ’Ÿ Atomic purple,UK eBay
2024-12-14,CH17412526,C/CGB-EUR,"05",2-3,ğŸ’Ÿ Atomic purple,UK eBay
2023-05-03,CH17413274,C/CGB-EUR,"05",2-4,ğŸ’Ÿ Atomic purple,UK eBay
2024-06-06,CH17415875,C/CGB-EUR,"05",1-1,ğŸ’Ÿ Atomic purple,UK eBay
2023-05-21,CH17418342,C/CGB-EUR,"05",1-2,ğŸ’Ÿ Atomic purple,UK eBay
2022-08-16,CH17419060,C/CGB-EUR,"05",1-1,ğŸ’Ÿ Atomic purple,UK eBay
2024-04-29,CH17419340,C/CGB-EUR,"05",2-6,ğŸ’Ÿ Atomic purple,UK eBay
2024-08-05,CH17432923,C/CGB-EUR,"05",1-5,ğŸ©· Berry,UK Other
2025-02-04,CH17433923,C/CGB-EUR,"05",1-7,ğŸ©· Berry,UK eBay
2023-04-23,CH17435241,C/CGB-EUR,"05",1-6,ğŸ©· Berry,UK eBay
2024-08-27,CH17437874,C/CGB-EUR,"05",?-?,ğŸ©· Berry,UK eBay
2025-01-03,CH17441097,Missing,"05",?-?,ğŸ©· Berry,UK eBay
2023-05-02,CH17443033,C/CGB-EUR,"05",1-5,ğŸ©µ Teal,UK eBay
2024-12-06,CH17443667,C/CGB-EUR,"05",1-4,ğŸ©µ Teal,UK eBay
2024-06-07,CH17444045,C/CGB-EUR,"05",2-3,ğŸ©µ Teal,UK eBay
2024-06-26,CH17450365,Missing,"05",1-8,ğŸ©µ Teal,UK eBay
2022-07-13,CH17454004,Missing,"05",1-3,ğŸ©µ Teal,UK eBay
2024-05-18,CH17456701,C/CGB-EUR,"05",2-6,ğŸ©µ Teal,UK eBay
2022-07-10,CH17459521,C/CGB-EUR,"05",1-2,ğŸ©µ Teal,UK eBay
2022-07-18,CH17459646,C/CGB-EUR,?,1-5,ğŸ©µ Teal,UK eBay
2024-10-31,CH17459770,C/CGB-EUR,"05",1-1,ğŸ©µ Teal,UK eBay
2024-09-07,CH17461028,C/CGB-EUR,"05",1-?,ğŸ©µ Teal,UK eBay
2022-08-16,CH17462009,C/CGB-EUR,"05",2-?,ğŸ©µ Teal,UK eBay
2024-07-15,CH17462086,C/CGB-EUR,"05",1-1,ğŸ©µ Teal,UK eBay
2022-07-28,CH17463234,C/CGB-EUR,"05",1-8,ğŸ©µ Teal,UK eBay
2022-06-27,CH17463313,C/CGB-EUR,?,?-?,ğŸ©µ Teal,UK eBay
2025-01-12,CH17464255,C/CGB-EUR,"05",1-2,ğŸ©µ Teal,UK eBay
2024-11-01,CH17466630,Missing,"05",2-2,ğŸ©µ Teal,UK eBay
2024-07-25,CH17466783,C/CGB-EUR,"05",?-?,ğŸ©µ Teal,UK eBay
2024-09-09,CH17471346,C/CGB-EUR,"05",1-1,ğŸ©µ Teal,UK eBay
2024-12-10,CH17476830,C/CGB-EUR,"05",2-6,ğŸ©µ Teal,UK eBay
2023-04-23,CH17477299,C/CGB-EUR,"05",2-3,ğŸ©µ Teal,UK eBay
2022-08-01,CH17478442,C/CGB-EUR,"04",1-1,ğŸ©µ Teal,UK eBay
2024-05-22,CH17478628,C/CGB-EUR,"05",1-3,ğŸ©µ Teal,UK eBay
2024-05-06,CH17484620,C/CGB-EUR,"05",1-5,ğŸ©µ Teal,UK eBay
2022-07-31,CH17490761,Missing,"05",1-1,ğŸ’š Kiwi,UK eBay
2024-07-13,CH17491469,C/CGB-EUR,"05",?-1,ğŸ’š Kiwi,UK eBay
2023-05-13,CH17497150,C/CGB-EUR,"05",1-3,ğŸ’š Kiwi,UK eBay
2024-05-06,CH17498199,C/CGB-EUR,"05",2-6,ğŸ’š Kiwi,UK eBay
2022-06-28,CH17498846,C/CGB-EUR,"05",2-6,ğŸ’š Kiwi,UK eBay
2022-07-14,CH17498866,C/CGB-EUR,"05",2-7,ğŸ’š Kiwi,UK eBay
2025-01-12,CH17500398,C/CGB-EUR,"05",2-1,ğŸ’š Kiwi,UK eBay
2025-01-07,CH17503136,C/CGB-EUR,"05",1-9,ğŸ’š Kiwi,UK eBay
2024-10-03,CH17508400,Missing,"05",2-5,ğŸ’š Kiwi,UK eBay
2024-05-14,CH17509638,C/CGB-EUR,"05",1-9,ğŸ’š Kiwi,UK eBay
2024-05-03,CH17529219,C/CGB-EUR,"05",2-7,ğŸ’Ÿ Atomic purple,UK eBay
2022-08-01,CH17574553,C/CGB-EUR,"05",2-8,ğŸ©µ Teal,UK eBay
2024-09-01,CH17604497,Missing,"05",1-1,ğŸ’œ Grape,US eBay
2024-08-10,CH17609303,C/CGB-EUR,"04",3-2,ğŸ’œ Grape,UK eBay
2024-11-27,CH17721574,C/CGB-EUR,"05",2-3,ğŸ’œ Grape,UK eBay
2024-06-08,CH17729240,C/CGB-EUR,"05",1-4,ğŸ’œ Grape,UK eBay
2022-08-09,CH17729743,Missing,"05",2-?,ğŸ’œ Grape,UK eBay
2024-08-01,CH17735500,C/CGB-EUR,"05",2-9,ğŸ’œ Grape,UK eBay
2024-07-01,CH17739743,C/CGB-EUR,"05",2-5,ğŸ’œ Grape,UK eBay
2024-09-15,CH17740182,C/CGB-EUR,"05",2-1,ğŸ’œ Grape,UK eBay
2024-06-09,CH17742815,C/CGB-EUR,"05",2-2,ğŸ’œ Grape,UK eBay
2022-07-03,CH17745218,Missing,"05",2-5,ğŸ’œ Grape,UK eBay
2024-11-10,CH17746546,C/CGB-EUR,"05",2-2,ğŸ’œ Grape,UK eBay
2024-05-28,CH17748293,C/CGB-EUR,"05",2-1,ğŸ’œ Grape,UK eBay
2024-04-25,CH17748681,C/CGB-EUR,"05",1-2,ğŸ’œ Grape,UK eBay
2024-05-23,CH17748793,C/CGB-EUR,"05",1-2,ğŸ’œ Grape,UK eBay
2024-04-29,CH17748989,C/CGB-EUR,"05",1-9,ğŸ’œ Grape,UK eBay
2024-06-26,CH17750740,C/CGB-EUR,"05",1-1,ğŸ’œ Grape,UK eBay
2024-11-11,CH17758436,C/CGB-EUR,"05",1-7,ğŸ’œ Grape,UK eBay
2024-09-20,CH17764054,C/CGB-EUR,"05",?-?,ğŸ’œ Grape,UK eBay
2024-08-17,CH17767516,C/CGB-EUR,"05",1-3,ğŸ’œ Grape,UK eBay
2022-07-03,CH17772531,C/CGB-EUR,"05",2-9,ğŸ’œ Grape,UK eBay
2022-07-28,CH17777998,C/CGB-EUR,"05",2-5,ğŸ’œ Grape,UK eBay
2025-05-29,CH17779901,C/CGB-EUR,"05",1-8,ğŸ’œ Grape,UK eBay
2025-01-04,CH17781746,C/CGB-EUR,"05",1-7,ğŸ’œ Grape,UK eBay
2025-01-12,CH17782350,C/CGB-EUR,"05",2-3,ğŸ’œ Grape,UK eBay
2022-07-14,CH17782682,C/CGB-EUR,"05",2-3,ğŸ’œ Grape,UK eBay
2024-07-07,CH17784201,C/CGB-EUR,"05",2-6,ğŸ’œ Grape,UK eBay
2022-07-13,CH17788343,C/CGB-EUR,"05",2-2,ğŸ’œ Grape,UK eBay
2024-08-09,CH17788423,C/CGB-EUR,"05",2-7,ğŸ’œ Grape,UK eBay
2024-06-08,CH17790743,C/CGB-EUR,"05",2-1,ğŸ’œ Grape,UK eBay
2022-06-30,CH17793535,C/CGB-EUR,"05",1-2,ğŸ’œ Grape,UK eBay
2023-04-22,CH17794600,Missing,"05",2-2,ğŸ’œ Grape,UK eBay
2023-05-09,CH17796027,C/CGB-EUR,"05",1-4,ğŸ’œ Grape,UK eBay
2022-06-27,CH17798146,C/CGB-EUR,?,?-?,ğŸ’œ Grape,UK eBay
2024-07-04,CH17800620,C/CGB-EUR,"05",2-?,ğŸ’œ Grape,UK eBay
2022-08-04,CH17803486,C/CGB-EUR,?,1-9,ğŸ’œ Grape,UK eBay
2024-05-03,CH17807130,C/CGB-EUR,"05",1-3,ğŸ’œ Grape,UK eBay
2023-05-30,CH17809683,C/CGB-EUR,"05",?-?,ğŸ’œ Grape,UK eBay
2022-07-06,CH17810225,C/CGB-EUR,"05",2-8,ğŸ’œ Grape,UK eBay
2023-05-14,CH17814623,C/CGB-EUR,"05",2-2,ğŸ’œ Grape,UK eBay
2022-07-28,CH17822081,C/CGB-EUR,"05",2-9,ğŸ©µ Teal,UK eBay
2025-01-07,CH17822215,C/CGB-EUR,"05",2-?,ğŸ©µ Teal,UK eBay
2025-01-10,CH17825346,C/CGB-EUR,"05",1-6,ğŸ©µ Teal,UK eBay
2023-05-26,CH17833736,C/CGB-EUR,"05",2-3,ğŸ©µ Teal,UK eBay
2025-01-04,CH17839848,C/CGB-EUR,"05",1-9,ğŸ©µ Teal,UK eBay
2023-04-15,CH17841152,C/CGB-EUR,"05",1-3,ğŸ©µ Teal,UK eBay
2023-05-30,CH17841611,C/CGB-EUR,"05",1-3,ğŸ©µ Teal,UK eBay
2025-05-29,CH17844662,C/CGB-EUR,"05",2-?,ğŸ©µ Teal,UK eBay
2023-05-17,CH17845111,C/CGB-EUR,"05",2-9,ğŸ©µ Teal,UK eBay
2024-11-07,CH17848417,C/CGB-EUR,"05",1-3,ğŸ©µ Teal,UK eBay
2023-03-31,CH17854678,C/CGB-EUR,"05",1-8,ğŸ©µ Teal,UK eBay
2024-04-29,CH17855641,C/CGB-EUR,"05",2-4,ğŸ©µ Teal,UK eBay
2023-05-30,CH17855830,C/CGB-EUR,"05",1-8,ğŸ©µ Teal,UK eBay
2024-08-19,CH17858704,C/CGB-EUR,"05",2-?,ğŸ©µ Teal,UK eBay
2022-06-28,CH17862851,C/CGB-EUR,"05",1-1,ğŸ©µ Teal,UK eBay
2025-01-17,CH17863143,C/CGB-EUR,"05",2-4,ğŸ©µ Teal,UK eBay
2025-01-04,CH17868450,C/CGB-EUR,"05",2-7,ğŸ©µ Teal,UK eBay
2024-08-09,CH17868830,C/CGB-EUR,"05",1-3,ğŸ©µ Teal,US eBay
2022-08-04,CH17870014,C/CGB-EUR,"05",2-9,ğŸ©µ Teal,UK eBay
2024-09-07,CH17873344,C/CGB-EUR,"05",2-5,ğŸ©µ Teal,UK eBay
2024-06-09,CH17873916,C/CGB-EUR,"05",1-?,ğŸ©µ Teal,UK eBay
2022-06-28,CH17874692,C/CGB-EUR,"05",1-6,ğŸ©µ Teal,UK eBay
2024-06-19,CH17878128,C/CGB-EUR,"05",2-1,ğŸ©µ Teal,UK eBay
2024-09-09,CH17879738,Missing,"05",2-2,ğŸ©µ Teal,UK eBay
2022-07-06,CH17882989,C/CGB-EUR,"05",2-8,ğŸ©µ Teal,UK eBay
2022-08-14,CH17887383,C/CGB-EUR,"05",2-4,ğŸ©µ Teal,UK eBay
2023-05-29,CH17888884,C/CGB-EUR,"05",1-7,ğŸ©µ Teal,UK eBay
2022-08-05,CH17893380,C/CGB-EUR,"05",2-4,ğŸ©µ Teal,UK eBay
2024-11-22,CH17895448,C/CGB-EUR,"05",2-9,ğŸ©µ Teal,UK eBay
2023-05-03,CH17896783,C/CGB-EUR,"05",2-1,ğŸ©µ Teal,UK eBay
2024-10-11,CH17896992,C/CGB-EUR,"05",1-9,ğŸ©µ Teal,UK eBay
2022-06-27,CH17899329,C/CGB-EUR,?,?-?,ğŸ©µ Teal,UK eBay
2022-06-28,CH17901937,C/CGB-EUR,"05",?-?,ğŸ©µ Teal,UK eBay
2022-06-28,CH17902212,C/CGB-EUR,"05",2-3,ğŸ©µ Teal,UK eBay
2022-07-18,CH17904808,C/CGB-EUR,"05",2-7,ğŸ’š Kiwi,UK eBay
2024-12-05,CH17910801,Missing,"05",2-3,ğŸ’š Kiwi,UK eBay
2024-06-08,CH17911622,C/CGB-EUR,"05",2-7,ğŸ’š Kiwi,UK eBay
2024-04-22,CH17918185,C/CGB-EUR,"05",1-1,ğŸ’š Kiwi,UK eBay
2022-06-27,CH17922157,C/CGB-EUR,?,?-?,ğŸ’š Kiwi,UK eBay
2024-09-13,CH17924265,C/CGB-EUR,"05",?-?,ğŸ’š Kiwi,UK eBay
2023-05-16,CH17925433,C/CGB-EUR,"05",1-5,ğŸ’š Kiwi,UK eBay
2023-04-29,CH17928392,C/CGB-EUR,"05",2-7,ğŸ’š Kiwi,UK eBay
2024-06-12,CH17931929,C/CGB-EUR,"05",1-9,ğŸ’š Kiwi,UK eBay
2022-07-08,CH17932837,C/CGB-EUR,"05",1-9,ğŸ’š Kiwi,UK eBay
2024-11-26,CH17935808,C/CGB-EUR,"05",2-8,ğŸ’š Kiwi,UK eBay
2022-07-17,CH17937008,C/CGB-EUR,"05",2-7,ğŸ’š Kiwi,UK eBay
2024-08-03,CH17937595,C/CGB-EUR,"05",2-2,ğŸ’š Kiwi,UK eBay
2024-11-28,CH17943282,C/CGB-EUR,"05",1-5,ğŸ’š Kiwi,UK eBay
2024-12-01,CH17943907,C/CGB-EUR,"05",2-5,ğŸ’š Kiwi,UK eBay
2022-07-03,CH17944544,C/CGB-EUR,"05",1-7,ğŸ’š Kiwi,UK eBay
2025-01-26,CH17946541,C/CGB-EUR,"05",2-5,ğŸ’š Kiwi,AU eBay
2024-11-23,CH17955486,Missing,"05",2-2,ğŸ’š Kiwi,UK eBay
2025-01-04,CH17956787,C/CGB-EUR,"05",2-3,ğŸ’š Kiwi,UK eBay
2023-05-07,CH17967317,C/CGB-EUR,"05",?-?,ğŸ’š Kiwi,UK eBay
2022-08-17,CH17968453,C/CGB-EUR,"05",1-2,ğŸ’š Kiwi,UK eBay
2022-07-14,CH17969690,C/CGB-EUR,"05",1-6,ğŸ’š Kiwi,UK eBay
2024-11-19,CH17974189,Missing,"05",1-8,ğŸ’š Kiwi,UK eBay
2024-05-28,CH17984111,C/CGB-EUR,"05",1-8,ğŸ’š Kiwi,UK eBay
2022-06-28,CH17984236,C/CGB-EUR,"05",2-5,ğŸ’š Kiwi,UK eBay
2025-01-02,CH17990557,C/CGB-EUR,"05",2-9,ğŸ’Ÿ Atomic purple,UK eBay
2024-07-13,CH17993757,C/CGB-EUR,"05",1-9,ğŸ’Ÿ Atomic purple,UK eBay
2022-07-14,CH17997457,C/CGB-EUR,"05",2-2,ğŸ’Ÿ Atomic purple,UK eBay
2022-07-19,CH17997640,C/CGB-EUR,"05",1-5,ğŸ’Ÿ Atomic purple,UK eBay
2024-11-30,CH17999330,C/CGB-EUR,"05",2-6,ğŸ’Ÿ Atomic purple,UK eBay
2024-04-25,CH17999388,C/CGB-EUR,"05",1-9,ğŸ’Ÿ Atomic purple,UK eBay
2022-07-05,CH18006343,C/CGB-EUR,"05",1-5,ğŸ’Ÿ Atomic purple,UK eBay
2022-08-01,CH18008080,C/CGB-EUR,"05",1-2,ğŸ’Ÿ Atomic purple,UK eBay
2024-07-06,CH18010663,C/CGB-EUR,"05",1-9,ğŸ’Ÿ Atomic purple,UK eBay
2024-09-07,CH18014281,C/CGB-EUR,"05",1-3,ğŸ’Ÿ Atomic purple,UK eBay
2024-08-16,CH18014528,C/CGB-EUR,"05",1-8,ğŸ’Ÿ Atomic purple,UK eBay
2024-10-26,CH18015652,C/CGB-EUR,"05",1-3,ğŸ’Ÿ Atomic purple,UK eBay
2024-09-10,CH18016935,C/CGB-EUR,"04",3-1,ğŸ’Ÿ Atomic purple,UK eBay
2024-08-19,CH18017882,C/CGB-EUR,"05",1-1,ğŸ’Ÿ Atomic purple,UK eBay
2022-08-14,CH18027046,C/CGB-EUR,"05",1-1,ğŸ’Ÿ Atomic purple,UK eBay
2022-07-16,CH18029066,C/CGB-EUR,"05",1-7,ğŸ’Ÿ Atomic purple,UK eBay
2023-04-29,CH18030884,C/CGB-EUR,"05",2-7,ğŸ’Ÿ Atomic purple,UK eBay
2022-07-23,CH18033346,C/CGB-EUR,"05",1-5,ğŸ’Ÿ Atomic purple,UK eBay
2023-04-21,CH18034680,C/CGB-EUR,"05",2-6,ğŸ’Ÿ Atomic purple,UK eBay
2024-05-22,CH18037678,C/CGB-EUR,"05",2-3,ğŸ’Ÿ Atomic purple,UK eBay
2024-05-27,CH18038939,C/CGB-EUR,"05",1-?,ğŸ’Ÿ Atomic purple,UK eBay
2024-06-27,CH18042986,C/CGB-EUR,"05",2-7,ğŸ’Ÿ Atomic purple,UK eBay
2023-05-21,CH18043900,C/CGB-EUR,"05",1-1,ğŸ’Ÿ Atomic purple,UK eBay
2024-07-14,CH18044706,C/CGB-EUR,"05",?-9,ğŸ’Ÿ Atomic purple,UK eBay
2022-07-18,CH18047204,C/CGB-EUR,"05",1-6,ğŸ’Ÿ Atomic purple,UK eBay
2024-05-03,CH18048942,C/CGB-EUR,"05",2-1,ğŸ’Ÿ Atomic purple,UK eBay
2024-11-18,CH18049029,C/CGB-EUR,"05",1-4,ğŸ’Ÿ Atomic purple,UK eBay
2022-08-16,CH18049444,C/CGB-EUR,"05",2-8,ğŸ’Ÿ Atomic purple,UK eBay
2023-05-05,CH18051370,C/CGB-EUR,"05",1-4,ğŸ’Ÿ Atomic purple,UK eBay
2023-05-21,CH18052213,C/CGB-EUR,"05",2-4,ğŸ’Ÿ Atomic purple,UK eBay
2023-04-22,CH18058458,C/CGB-EUR,"05",1-?,ğŸ’Ÿ Atomic purple,UK eBay
2022-06-28,CH18061486,C/CGB-EUR,"05",2-2,ğŸ’Ÿ Atomic purple,UK eBay
2024-06-17,CH18064714,C/CGB-EUR,"05",1-9,ğŸ’› Dandelion,UK eBay
2024-08-27,CH18067325,C/CGB-EUR,"05",2-2,ğŸ’› Dandelion,UK eBay
2024-05-06,CH18068874,C/CGB-EUR,"05",2-9,ğŸ’› Dandelion,UK eBay
2024-11-11,CH18069491,C/CGB-EUR,"05",2-8,ğŸ’› Dandelion,UK eBay
2022-07-21,CH18069789,C/CGB-EUR,"05",1-7,ğŸ’› Dandelion,UK eBay
2022-08-16,CH18070789,C/CGB-EUR,"05",1-9,ğŸ’› Dandelion,UK eBay
2024-05-02,CH18075753,C/CGB-EUR,"05",1-3,ğŸ’› Dandelion,UK eBay
2024-07-08,CH18080623,C/CGB-EUR,"05",?-?,ğŸ’› Dandelion,UK Marketplace
2025-01-07,CH18082110,C/CGB-EUR,"05",2-?,ğŸ’› Dandelion,UK eBay
2024-08-27,CH18089469,C/CGB-EUR,"05",2-3,ğŸ’› Dandelion,UK eBay
2022-07-19,CH18090706,C/CGB-EUR,"05",2-4,ğŸ’› Dandelion,UK eBay
2024-08-13,CH18093566,C/CGB-EUR,"05",2-3,ğŸ’› Dandelion,UK eBay
2023-04-28,CH18096130,C/CGB-EUR,"05",1-4,ğŸ’› Dandelion,UK eBay
2024-11-23,CH18100211,C/CGB-EUR,"05",1-5,ğŸ’› Dandelion,UK eBay
2022-07-17,CH18109946,C/CGB-EUR,"05",1-6,ğŸ’› Dandelion,UK eBay
2024-12-06,CH18117024,C/CGB-EUR,"05",2-4,ğŸ’› Dandelion,UK eBay
2022-06-28,CH18174898,C/CGB-EUR,"05",2-7,ğŸ©· Berry,UK eBay
2024-09-08,CH18310860,C/CGB-JPN-2,"05",2-9,ğŸ’Ÿ Atomic purple,US eBay
2024-08-10,CH18312807,C/CGB-JPN-2,"05",1-9,ğŸ’Ÿ Atomic purple,JO eBay
2024-08-08,CH18337428,C/CGB-EUR,"05",?-?,ğŸ’œ Grape,UK eBay
2024-12-07,CH18337536,C/CGB-EUR,"05",2-?,ğŸ’œ Grape,UK eBay
2024-05-03,CH18338595,C/CGB-EUR,"05",?-?,ğŸ’œ Grape,UK eBay
2024-11-24,CH18340946,C/CGB-EUR,"05",2-9,ğŸ’œ Grape,UK eBay
2023-04-22,CH18341705,C/CGB-EUR,"05",2-9,ğŸ’œ Grape,UK eBay
2023-05-14,CH18342976,C/CGB-EUR,"05",1-?,ğŸ’œ Grape,UK eBay
2022-06-30,CH18343879,C/CGB-EUR,"05",2-3,ğŸ’œ Grape,UK eBay
2024-09-10,CH18352097,C/CGB-EUR,"05",1-4,ğŸ’œ Grape,UK eBay
2024-06-19,CH18357872,C/CGB-EUR,"03",1-1,ğŸ’œ Grape,UK eBay
2024-08-20,CH18357940,C/CGB-EUR,"05",2-3,ğŸ’œ Grape,UK eBay
2025-01-07,CH18361561,C/CGB-EUR,"05",2-2,ğŸ’œ Grape,UK eBay
2023-04-24,CH18362747,C/CGB-EUR,"05",1-8,ğŸ’œ Grape,UK eBay
2024-06-18,CH18363169,C/CGB-EUR,"05",2-7,ğŸ’œ Grape,UK eBay
2024-06-30,CH18369433,C/CGB-EUR,"05",1-5,ğŸ’œ Grape,UK eBay
2022-07-05,CH18370730,C/CGB-EUR,"05",1-5,ğŸ’œ Grape,UK eBay
2025-02-24,CH18372429,C/CGB-EUR,"05",2-3,ğŸ’œ Grape,UK eBay
2024-06-24,CH18374150,C/CGB-EUR,"05",2-2,ğŸ’œ Grape,UK eBay
2024-11-10,CH18376594,C/CGB-EUR,"05",1-3,ğŸ’œ Grape,UK eBay
2023-05-30,CH18377780,C/CGB-EUR,"05",2-1,ğŸ’œ Grape,UK eBay
2024-07-13,CH18378297,C/CGB-EUR,"05",1-3,ğŸ’œ Grape,UK eBay
2022-07-21,CH18381214,C/CGB-EUR,"05",2-5,ğŸ’œ Grape,UK eBay
2022-06-28,CH18388979,Missing,"05",2-1,ğŸ©µ Teal,UK eBay
2024-06-27,CH18390083,C/CGB-EUR,"05",2-2,ğŸ©µ Teal,UK eBay
2022-08-14,CH18390287,C/CGB-EUR,"05",1-5,ğŸ©µ Teal,UK eBay
2022-07-17,CH18392505,Missing,"05",1-2,ğŸ©µ Teal,UK eBay
2024-10-11,CH18396759,C/CGB-EUR,"05",2-8,ğŸ©µ Teal,UK Other
2025-01-21,CH18398837,C/CGB-EUR,"05",2-7,ğŸ©µ Teal,UK eBay
2025-01-03,CH18400500,Missing,"05",2-3,ğŸ’œ Grape,UK eBay
2024-05-22,CH18401216,C/CGB-EUR,"05",1-1,ğŸ©µ Teal,UK eBay
2022-08-14,CH18403028,C/CGB-EUR,"05",1-9,ğŸ©µ Teal,UK eBay
2024-11-17,CH18411265,C/CGB-EUR,"05",1-1,ğŸ©µ Teal,UK eBay
2024-08-21,CH18414194,C/CGB-EUR,"05",2-3,ğŸ©µ Teal,UK eBay
2024-06-03,CH18426275,C/CGB-EUR,"05",1-8,ğŸ©µ Teal,UK eBay
2023-05-08,CH18429150,C/CGB-EUR,"05",2-6,ğŸ©µ Teal,UK eBay
2024-09-14,CH18430311,C/CGB-EUR,"05",2-8,ğŸ©µ Teal,UK eBay
2024-06-08,CH18430969,C/CGB-EUR,"05",1-8,ğŸ©µ Teal,UK Vinted
2024-06-01,CH18431251,Missing,"05",1-9,ğŸ©µ Teal,UK eBay
2024-08-12,CH18434377,C/CGB-EUR,"05",2-7,ğŸ’š Kiwi,UK eBay
2024-07-05,CH18453320,C/CGB-EUR,"05",1-4,ğŸ’š Kiwi,UK eBay
2024-07-26,CH18457161,C/CGB-EUR,"05",1-6,ğŸ’š Kiwi,UK eBay
2024-08-10,CH18462142,C/CGB-EUR,"05",2-3,ğŸ’š Kiwi,UK eBay
2024-06-08,CH18469502,C/CGB-EUR,"05",1-5,ğŸ’š Kiwi,UK eBay
2025-01-21,CH18470552,Missing,"05",1-1,ğŸ’š Kiwi,UK eBay
2024-07-25,CH18472592,C/CGB-EUR,"05",2-5,ğŸ’š Kiwi,UK eBay
2024-07-11,CH18476040,C/CGB-EUR,"05",2-1,ğŸ’š Kiwi,UK eBay
2022-08-02,CH18520672,C/CGB-EUR,"05",2-6,ğŸ’› Dandelion,UK eBay
2025-06-05,CH18528986,C/CGB-EUR,"05",2-5,ğŸ©µ Teal,DE eBay
2025-06-18,CH18534936,C/CGB-EUR,"05",1-2,ğŸ’š Kiwi,DE eBay
2024-12-05,CH18547939,C/CGB-EUR,"05",2-5,ğŸ’š Kiwi,JP eBay
2024-09-10,CH18591634,C/CGB-EUR,"05",1-5,ğŸ’Ÿ Atomic purple,UK eBay
2024-07-08,CH18593541,Missing,"05",2-5,ğŸ’Ÿ Atomic purple,UK Marketplace
2024-10-26,CH18593649,Missing,"05",2-1,ğŸ’Ÿ Atomic purple,UK eBay
2022-06-30,CH18594916,C/CGB-EUR,"05",1-7,ğŸ’Ÿ Atomic purple,UK eBay
2024-11-17,CH18598883,C/CGB-EUR,"05",1-1,ğŸ’Ÿ Atomic purple,UK eBay
2022-07-06,CH18604058,C/CGB-EUR,"05",1-1,ğŸ’Ÿ Atomic purple,UK eBay
2023-05-21,CH18604661,C/CGB-EUR,"05",1-?,ğŸ’Ÿ Atomic purple,UK eBay
2024-05-24,CH18605441,C/CGB-EUR,"05",1-3,ğŸ’Ÿ Atomic purple,UK eBay
2024-08-19,CH18607524,C/CGB-EUR,?,4-1,ğŸ’Ÿ Atomic purple,UK eBay
2024-05-05,CH18609416,C/CGB-EUR,"05",2-6,ğŸ’Ÿ Atomic purple,UK Vinted
2025-01-13,CH18612463,C/CGB-EUR,"05",1-3,ğŸ’Ÿ Atomic purple,UK eBay
2022-07-30,CH18612486,C/CGB-EUR,"05",2-6,ğŸ’Ÿ Atomic purple,UK eBay
2022-07-17,CH18616217,C/CGB-EUR,"05",2-9,ğŸ’Ÿ Atomic purple,UK eBay
2024-12-05,CH18621603,Missing,"05",2-2,ğŸ’Ÿ Atomic purple,UK eBay
2023-04-14,CH18623676,C/CGB-EUR,"05",1-8,ğŸ’Ÿ Atomic purple,UK eBay
2023-05-01,CH18623740,Missing,"05",1-4,ğŸ’Ÿ Atomic purple,UK eBay
2025-01-03,CH18632423,C/CGB-EUR,"05",?-9,ğŸ’› Dandelion,UK eBay
2024-08-12,CH18641247,C/CGB-EUR,"05",2-1,ğŸ’› Dandelion,UK eBay
2024-08-12,CH18647727,C/CGB-EUR,"05",1-?,ğŸ’› Dandelion,UK eBay
2022-06-28,CH18650714,C/CGB-EUR,"05",2-6,ğŸ’› Dandelion,UK eBay
2024-08-22,CH18664919,C/CGB-JPN-2,"05",2-?,ğŸ’œ Grape,AU eBay
2025-01-26,CH18673116,C/CGB-JPN-2,"05",2-2,ğŸ’Ÿ Atomic purple,AU eBay
2024-11-17,CH18673960,C/CGB-JPN-2,"05",2-2,ğŸ’Ÿ Atomic purple,UK eBay
2025-01-02,CH18678727,C/CGB-JPN-2,"05",1-7,ğŸ¤ Clear translucent,AU eBay
2025-01-16,CH18680750,C/CGB-JPN-2,"05",1-2,ğŸ¤ Clear translucent,AU eBay
2025-02-10,CH18682754,Missing,"05",2-7,ğŸ¤ Clear translucent,AU eBay
2024-10-26,CH18685089,C/CGB-JPN-2,"05",1-8,ğŸ¤ Clear translucent,AU eBay
2024-12-07,CH18697267,C/CGB-JPN-2,"05",?-?,ğŸ©µ Teal,AU eBay
2025-01-26,CH18700891,C/CGB-JPN-2,"05",1-7,ğŸ’š Kiwi,AU eBay
2025-01-21,CH18717195,C/CGB-JPN-2,"05",1-6,ğŸ’œ Grape,AU eBay
2025-01-02,CH18755332,C/CGB-JPN-2,"05",1-1,ğŸ¤ Clear translucent,AU eBay
2024-08-08,CH18763444,C/CGB-JPN-2,"05",2-5,ğŸ©µ Teal,AU eBay
2025-01-21,CH18774833,C/CGB-EUR,"05",2-1,ğŸ©µ Teal,UK eBay
2025-01-10,CH18787795,C/CGB-EUR,"05",2-1,ğŸ©µ Teal,UK eBay
2024-05-28,CH18814873,C/CGB-EUR,"05",1-2,ğŸ’Ÿ Atomic purple,UK eBay
2024-06-02,CH18816796,C/CGB-EUR,"05",?-?,ğŸ’Ÿ Atomic purple,UK eBay
2024-06-01,CH18827075,C/CGB-EUR,"05",?-?,ğŸ’Ÿ Atomic purple,UK eBay
2022-08-07,CH18831555,C/CGB-EUR,"05",2-7,ğŸ’Ÿ Atomic purple,UK eBay
2024-05-04,CH18847917,C/CGB-EUR,"05",1-6,ğŸ’œ Grape,UK eBay
2024-08-28,CH18935659,C/CGB-EUR,"05",2-7,ğŸ’› Dandelion,UK eBay
2023-05-27,CH19071280,C/CGB-EUR,"05",2-8,ğŸ’Ÿ Atomic purple,UK eBay
2022-06-27,CH19096881,C/CGB-EUR,?,?-?,ğŸ©µ Teal,UK eBay
2024-08-30,CH19172688,Reproduction,"05",2-2,ğŸ’œ Grape,US eBay
2022-08-04,CH19200646,C/CGB-JPN-2,"05",2-1,ğŸ’› Dandelion,UK eBay
2025-05-29,CH19245134,C/CGB-EUR,"05",?-5,ğŸ’œ Grape,UK eBay
2022-07-17,CH19249192,Reproduction,"05",?-?,ğŸ’œ Grape,UK eBay
2025-06-18,CH19347344,C/CGB-EUR,"05",1-6,ğŸ’› Dandelion,DE eBay
2023-05-01,CH19358837,Reproduction,"04",11-1,ğŸ’› Dandelion,UK eBay
2022-07-19,CH19402608,C/CGB-EUR,"05",1-1,ğŸ©· Berry,UK eBay
2025-06-06,CH19526233,C/CGB-EUR,"05",1-5,ğŸ©µ Teal,DE eBay
2022-06-30,CH19614885,C/CGB-JPN-2,"05",2-7,ğŸ’Ÿ Atomic purple,UK eBay
2025-01-03,CH19618274,C/CGB-JPN-2,"05",1-5,ğŸ’Ÿ Atomic purple,AU eBay
2024-07-15,CH19726653,C/CGB-EUR,"05",2-4,ğŸ©µ Teal,UK eBay
2024-09-05,CH19729802,Missing,"05",1-5,ğŸ©µ Teal,UK eBay
2024-06-25,CH19765615,C/CGB-EUR,"05",2-9,ğŸ’œ Grape,UK eBay
2024-12-06,CH19820233,C/CGB-EUR,"05",1-2,ğŸ’› Dandelion,UK eBay
2024-05-14,CH19829646,C/CGB-EUR,"05",1-8,ğŸ’› Dandelion,UK eBay
2024-08-02,CH19862483,C/CGB-JPN-2,"03",1-1,ğŸ’œ Grape,US eBay
2022-08-12,CH19913179,C/CGB-EUR,"05",2-4,ğŸ’Ÿ Atomic purple,UK eBay
2024-07-28,CH19941178,C/CGB-EUR,"05",1-5,ğŸ©µ Teal,UK eBay
2025-01-17,CH20017898,C/CGB-EUR,"05",1-1,ğŸ©· Berry,UK eBay
2025-06-04,CH20088473,C/CGB-EUR,"05",1-9,ğŸ’œ Grape,UK eBay
2024-07-19,CH20095481,C/CGB-EUR,"05",?-?,ğŸ’œ Grape,UK eBay
2024-06-29,CH20173630,C/CGB-EUR,"05",2-7,ğŸ’› Dandelion,UK eBay
2024-08-26,CH20206148,C/CGB-EUR,"05",1-2,ğŸ’š Kiwi,UK eBay
2022-07-24,CH20206989,C/CGB-EUR,"05",1-2,ğŸ’š Kiwi,UK eBay
2024-06-29,CH20236708,Missing,"05",1-4,ğŸ’š Kiwi,UK eBay
2024-07-14,CH20358303,C/CGB-EUR,"05",2-1,ğŸ’› Dandelion,UK eBay
2024-08-18,CH20409368,C/CGB-EUR,"05",2-6,ğŸ©µ Teal,FR @3615Retro #3
2024-07-12,CH20455462,C/CGB-EUR,"05",1-9,ğŸ’š Kiwi,UK eBay
2024-07-15,CH20456536,C/CGB-EUR,"05",2-5,ğŸ’š Kiwi,UK eBay
2025-06-06,CH20584317,C/CGB-EUR,"05",2-5,ğŸ©µ Teal,DE eBay
2024-12-21,CH20614237,C/CGB-EUR,"05",1-?,ğŸ’š Kiwi,UK eBay
2024-05-24,CH20683638,C/CGB-EUR,"05",1-2,ğŸ’› Dandelion,UK eBay
2025-01-02,CH20772158,C/CGB-JPN-2,"05",2-?,ğŸ’› Dandelion,JP eBay
2024-08-29,CH20781315,Missing,"05",1-8,ğŸ’œ Grape,JP eBay
2024-08-10,CH20788634,C/CGB-JPN-2,"05",1-2,ğŸ’Ÿ Atomic purple,JP eBay
2023-04-15,CH20799964,C/CGB-JPN-2,"05",2-8,ğŸ’Ÿ Atomic purple,JP eBay
2024-11-25,CH20801294,C/CGB-JPN-2,"05",1-5,ğŸ’Ÿ Atomic purple,JP eBay
2023-05-30,CH20811249,C/CGB-JPN-2,"05",2-6,ğŸ’Ÿ Atomic purple,gbhwdb.gekkio.fi
2024-07-19,CH20825742,C/CGB-JPN-2,"05",2-5,ğŸ’Ÿ Atomic purple,JP eBay
2024-11-15,CH20836174,C/CGB-JPN-2,"05",1-5,ğŸ¤ Clear translucent,US eBay
2024-09-08,CH20836737,C/CGB-JPN-2,"05",2-1,ğŸ¤ Clear translucent,JP eBay
2023-04-15,CH20849853,C/CGB-JPN-2,"05",1-4,ğŸ¤ Clear translucent,JP eBay
2024-09-03,CH20861013,C/CGB-JPN-2,"05",1-1,ğŸ©· Berry,JP eBay
2024-11-25,CH20876036,C/CGB-JPN-2,"05",2-9,ğŸ©µ Teal,JP eBay
2024-08-30,CH20876042,C/CGB-JPN-2,"05",1-2,ğŸ©µ Teal,JP eBay
2022-07-26,CH20877470,C/CGB-JPN-2,"05",2-8,ğŸ©µ Teal,JP eBay
2025-01-15,CH20908435,C/CGB-JPN-2,"05",2-3,ğŸ’œ Grape,UK eBay
2024-09-01,CH20924844,C/CGB-JPN-2,"05",2-5,ğŸ’› Dandelion,JP eBay
2024-10-26,CH20940968,C/CGB-JPN-2,"05",2-3,ğŸ’Ÿ Atomic purple,JP eBay
2022-08-14,CH20951737,C/CGB-JPN-2,"05",2-8,ğŸ’Ÿ Atomic purple,JP eBay
2024-08-05,CH20954775,C/CGB-JPN-2,"05",1-7,ğŸ’Ÿ Atomic purple,JP eBay
2023-04-15,CH20983014,C/CGB-JPN-2,"05",2-?,ğŸ©· Berry,JP eBay
2023-05-30,CH20983903,C/CGB-JPN-2,"05",2-6,ğŸ©· Berry,gbhwdb.gekkio.fi
2024-08-09,CH20983905,Missing,"05",2-4,ğŸ©· Berry,JP eBay
2024-09-12,CH20989038,C/CGB-JPN-2,"05",2-5,ğŸ©· Berry,JP eBay
2025-01-11,CH20989779,C/CGB-JPN-2,"05",2-9,ğŸ©· Berry,JP eBay
2022-08-17,CH20992530,C/CGB-JPN-2,"05",1-7,ğŸ©· Berry,JP eBay
2024-09-11,CH21003477,C/CGB-JPN-2,"05",1-?,ğŸ¤ Clear translucent,JP eBay
2025-05-28,CH21003934,C/CGB-JPN-2,"05",1-3,ğŸ¤ Clear translucent,UK eBay
2024-07-30,CH21005702,C/CGB-JPN-2,"05",1-6,ğŸ¤ Clear translucent,JP eBay
2024-08-30,CH21107026,Missing,"05",2-6,ğŸ’Ÿ Atomic purple,US eBay
2024-07-26,CH21109714,C/CGB-EUR,"05",1-1,ğŸ’Ÿ Atomic purple,UK eBay
2022-07-18,CH21115669,Reproduction,?,4-1,ğŸ’Ÿ Atomic purple,UK eBay
2025-06-06,CH21175276,Missing,"05",2-4,ğŸ©µ Teal,IT eBay
2024-11-22,CH21192972,Missing,"05",?-?,ğŸ©µ Teal,UK eBay
2022-06-28,CH21220746,C/CGB-EUR,"05",?-?,ğŸ’œ Grape,UK eBay
2023-05-21,CH21275456,Missing,"05",2-6,ğŸ’š Kiwi,UK eBay
2025-06-17,CH21331262,C/CGB-EUR,"05",1-4,ğŸ’› Dandelion,ES eBay
2025-06-05,CH21424093,C/CGB-EUR,"05",2-1,ğŸ’Ÿ Atomic purple,DE eBay
2024-05-22,CH21444538,C/CGB-EUR,"05",2-5,ğŸ©µ Teal,UK eBay
2024-08-31,CH21446866,C/CGB-EUR,"05",2-6,ğŸ©µ Teal,UK eBay
2024-08-10,CH21470804,C/CGB-EUR,"05",2-6,ğŸ©µ Teal,UK eBay
2024-11-09,CH21482088,Missing,"05",1-8,ğŸ©µ Teal,UK eBay
2024-05-06,CH21486961,C/CGB-EUR,"05",2-2,ğŸ©µ Teal,UK eBay
2025-01-17,CH21493267,C/CGB-EUR,"05",1-8,ğŸ©µ Teal,UK eBay
2024-07-13,CH21494525,C/CGB-EUR,"05",1-1,ğŸ©µ Teal,UK eBay
2024-09-10,CH21494694,C/CGB-EUR,"05",1-8,ğŸ©µ Teal,UK eBay
2022-08-09,CH21495199,C/CGB-EUR,"05",2-2,ğŸ©µ Teal,UK eBay
2024-06-27,CH21522518,C/CGB-EUR,"05",1-4,ğŸ’œ Grape,UK eBay
2022-08-11,CH21523292,C/CGB-EUR,"05",1-3,ğŸ’œ Grape,UK eBay
2024-11-01,CH21529565,Missing,"05",1-6,ğŸ’œ Grape,UK eBay
2024-11-30,CH21568722,Missing,"05",?-?,ğŸ’› Dandelion,DK eBay
2022-07-24,CH21650188,C/CGB-EUR,?,?-?,ğŸ’› Dandelion,UK eBay
2024-12-21,CH21655226,C/CGB-EUR,"05",?-5,ğŸ’› Dandelion,UK eBay
2024-05-18,CH21677754,C/CGB-EUR,"05",2-4,ğŸ©· Berry,UK eBay
2022-08-11,CH21712996,C/CGB-JPN-2,"05",2-1,ğŸ¤ Clear translucent,UK eBay
2024-07-12,CH21729115,C/CGB-EUR,"05",2-?,ğŸ©µ Teal,UK eBay
2025-08-08,CH21736753,C/CGB-EUR,"05",1-4,ğŸ©µ Teal,DE eBay
2025-05-29,CH21742885,C/CGB-EUR,"05",2-9,ğŸ©µ Teal,UK eBay
2025-01-13,CH21755177,C/CGB-EUR,"05",1-8,ğŸ©µ Teal,UK eBay
2025-02-12,CH21768466,C/CGB-EUR,"05",1-1,ğŸ©µ Teal,UK Other
2024-06-30,CH21792456,C/CGB-POB-EUR,"05",2-7,ğŸ’™ SE Pokemon w/ Pichu yellow/blue âš¡ï¸,UK eBay
2025-01-05,CH21792777,Missing,"05",1-9,ğŸ’™ SE Pokemon w/ Pichu yellow/blue âš¡ï¸,UK eBay
2024-09-04,CH21797922,C/CGB-POB-EUR,"05",1-8,ğŸ’™ SE Pokemon w/ Pichu yellow/blue âš¡ï¸,UK eBay
2024-07-13,CH21799154,C/CGB-POB-EUR,"05",1-9,ğŸ’™ SE Pokemon w/ Pichu yellow/blue âš¡ï¸,UK eBay
2024-07-25,CH21799516,Missing,"05",?-?,ğŸ’™ SE Pokemon w/ Pichu yellow/blue âš¡ï¸,UK eBay
2022-08-07,CH21800539,C/CGB-POB-EUR,"05",2-3,ğŸ’™ SE Pokemon w/ Pichu yellow/blue âš¡ï¸,UK eBay
2022-08-16,CH21802336,C/CGB-POB-EUR,"05",1-8,ğŸ’™ SE Pokemon w/ Pichu yellow/blue âš¡ï¸,UK eBay
2022-07-26,CH21802391,C/CGB-POB-EUR,"05",2-9,ğŸ’™ SE Pokemon w/ Pichu yellow/blue âš¡ï¸,UK eBay
2022-07-18,CH21804894,C/CGB-POB-EUR,"05",1-1,ğŸ’™ SE Pokemon w/ Pichu yellow/blue âš¡ï¸,UK eBay
2024-08-12,CH21819620,C/CGB-POB-EUR,"05",?-?,ğŸ’™ SE Pokemon w/ Pichu yellow/blue âš¡ï¸,UK eBay
2022-08-11,CH21819850,C/CGB-POB-EUR,"05",2-5,ğŸ’™ SE Pokemon w/ Pichu yellow/blue âš¡ï¸,UK eBay
2024-05-18,CH21821743,C/CGB-POB-EUR,"05",2-4,ğŸ’™ SE Pokemon w/ Pichu yellow/blue âš¡ï¸,UK eBay
2024-07-08,CH21824647,C/CGB-POB-EUR,"05",?-?,ğŸ’™ SE Pokemon w/ Pichu yellow/blue âš¡ï¸,UK Marketplace
2024-08-08,CH21827011,C/CGB-POB-EUR,"05",1-5,ğŸ’™ SE Pokemon w/ Pichu yellow/blue âš¡ï¸,UK eBay
2022-07-15,CH21827067,C/CGB-POB-EUR,"05",?-?,ğŸ’™ SE Pokemon w/ Pichu yellow/blue âš¡ï¸,UK eBay
2024-06-29,CH21830171,C/CGB-POB-EUR,"05",2-3,ğŸ’™ SE Pokemon w/ Pichu yellow/blue âš¡ï¸,UK eBay
2024-07-08,CH21830284,C/CGB-POB-EUR,"05",1-9,ğŸ’™ SE Pokemon w/ Pichu yellow/blue âš¡ï¸,UK Marketplace
2022-07-19,CH21834512,C/CGB-POB-EUR,"05",2-4,ğŸ’™ SE Pokemon w/ Pichu yellow/blue âš¡ï¸,UK eBay
2024-06-08,CH21835591,Missing,"05",?-?,ğŸ’™ SE Pokemon w/ Pichu yellow/blue âš¡ï¸,UK Vinted
2025-08-11,CH21850730,C/CGB-POB-EUR,"05",2-?,ğŸ’™ SE Pokemon w/ Pichu yellow/blue âš¡ï¸,UK eBay
2024-11-09,CH21856725,C/CGB-POB-EUR,"05",2-5,ğŸ’™ SE Pokemon w/ Pichu yellow/blue âš¡ï¸,UK eBay
2024-09-02,CH21856729,C/CGB-POB-EUR,"05",1-?,ğŸ’™ SE Pokemon w/ Pichu yellow/blue âš¡ï¸,UK eBay
2023-04-28,CH21860638,Missing,"05",2-4,ğŸ’™ SE Pokemon w/ Pichu yellow/blue âš¡ï¸,UK eBay
2024-08-13,CH21861435,C/CGB-POB-EUR,"05",1-2,ğŸ’™ SE Pokemon w/ Pichu yellow/blue âš¡ï¸,UK eBay
2023-05-02,CH21893229,C/CGB-POB-EUR,"05",2-9,ğŸ’™ SE Pokemon w/ Pichu yellow/blue âš¡ï¸,UK eBay
2022-08-04,CH21894628,C/CGB-POB-EUR,"05",2-3,ğŸ’™ SE Pokemon w/ Pichu yellow/blue âš¡ï¸,UK eBay
2025-02-05,CH21894633,C/CGB-POB-EUR,"05",1-2,ğŸ’™ SE Pokemon w/ Pichu yellow/blue âš¡ï¸,UK eBay
2025-06-18,CH21909491,C/CGB-EUR,"05",2-5,ğŸ’Ÿ Atomic purple,DE eBay
2024-11-17,CH21917069,C/CGB-EUR,"05",2-8,ğŸ’Ÿ Atomic purple,UK eBay
2025-06-18,CH21919116,C/CGB-EUR,"05",?-6,ğŸ’Ÿ Atomic purple,DE eBay
2023-05-20,CH21943447,C/CGB-EUR,"05",1-5,ğŸ’Ÿ Atomic purple,UK eBay
2023-05-07,CH21945659,C/CGB-EUR,"05",2-1,ğŸ’Ÿ Atomic purple,UK eBay
2022-07-21,CH21974415,C/CGB-EUR,"05",1-1,ğŸ©µ Teal,UK eBay
2024-07-07,CH21998427,C/CGB-EUR,"05",2-4,ğŸ©µ Teal,UK eBay
2025-02-05,CH22003131,C/CGB-EUR,"05",1-7,ğŸ©µ Teal,UK eBay
2025-02-05,CH22003922,C/CGB-EUR,"05",2-2,ğŸ©µ Teal,UK eBay
2024-12-06,CH22007950,C/CGB-EUR,"05",1-4,ğŸ©µ Teal,UK eBay
2024-07-07,CH22011038,C/CGB-EUR,"05",1-8,ğŸ©µ Teal,UK eBay
2024-06-25,CH22011882,C/CGB-EUR,"05",2-8,ğŸ©µ Teal,UK eBay
2024-05-06,CH22022986,C/CGB-POB-EUR,"05",2-3,ğŸ’™ SE Pokemon w/ Pichu yellow/blue âš¡ï¸,UK eBay
2022-07-24,CH22023263,C/CGB-POB-EUR,"05",1-3,ğŸ’™ SE Pokemon w/ Pichu yellow/blue âš¡ï¸,UK eBay
2022-07-11,CH22042895,C/CGB-POB-EUR,"05",2-8,ğŸ’™ SE Pokemon w/ Pichu yellow/blue âš¡ï¸,UK eBay
2025-06-05,CH22043321,C/CGB-POB-EUR,"05",1-?,ğŸ’™ SE Pokemon w/ Pichu yellow/blue âš¡ï¸,IT eBay
2024-12-01,CH22045666,Missing,"05",1-1,ğŸ’™ SE Pokemon w/ Pichu yellow/blue âš¡ï¸,UK eBay
2024-12-14,CH22062662,C/CGB-POB-EUR,"05",2-3,ğŸ’™ SE Pokemon w/ Pichu yellow/blue âš¡ï¸,UK eBay
2024-11-09,CH22067943,Missing,"05",?-?,ğŸ’™ SE Pokemon w/ Pichu yellow/blue âš¡ï¸,UK eBay
2022-06-28,CH22068928,C/CGB-POB-EUR,"05",2-2,ğŸ’™ SE Pokemon w/ Pichu yellow/blue âš¡ï¸,UK eBay
2025-02-05,CH22079337,C/CGB-POB-EUR,"05",2-4,ğŸ’™ SE Pokemon w/ Pichu yellow/blue âš¡ï¸,UK eBay
2024-11-17,CH22080294,C/CGB-POB-EUR,"05",2-1,ğŸ’™ SE Pokemon w/ Pichu yellow/blue âš¡ï¸,UK eBay
2025-01-23,CH22081801,C/CGB-POB-EUR,"05",1-1,ğŸ’™ SE Pokemon w/ Pichu yellow/blue âš¡ï¸,UK eBay
2024-11-11,CH22088694,C/CGB-POB-EUR,"05",2-3,ğŸ’™ SE Pokemon w/ Pichu yellow/blue âš¡ï¸,UK eBay
2025-06-05,CH22092737,C/CGB-POB-EUR,"05",1-5,ğŸ’™ SE Pokemon w/ Pichu yellow/blue âš¡ï¸,IT eBay
2025-05-30,CH22095722,C/CGB-POB-EUR,"05",2-4,ğŸ’™ SE Pokemon w/ Pichu yellow/blue âš¡ï¸,UK eBay
2024-08-19,CH22108366,C/CGB-POB-EUR,"05",1-8,ğŸ’™ SE Pokemon w/ Pichu yellow/blue âš¡ï¸,UK eBay
2024-07-08,CH22115057,C/CGB-POB-EUR,"05",1-4,ğŸ’™ SE Pokemon w/ Pichu yellow/blue âš¡ï¸,UK Marketplace
2025-05-27,CH22116411,C/CGB-POB-EUR,"05",2-?,ğŸ’™ SE Pokemon w/ Pichu yellow/blue âš¡ï¸,AU eBay
2024-09-03,CH22120738,C/CGB-POB-EUR,"05",2-8,ğŸ’™ SE Pokemon w/ Pichu yellow/blue âš¡ï¸,UK eBay
2022-06-28,CH22124787,C/CGB-POB-EUR,"05",1-9,ğŸ’™ SE Pokemon w/ Pichu yellow/blue âš¡ï¸,UK eBay
2022-07-15,CH22135666,C/CGB-POB-EUR,"05",1-3,ğŸ’™ SE Pokemon w/ Pichu yellow/blue âš¡ï¸,UK eBay
2024-04-25,CH22136897,C/CGB-POB-EUR,"05",?-?,ğŸ’™ SE Pokemon w/ Pichu yellow/blue âš¡ï¸,UK eBay
2024-11-19,CH22150224,C/CGB-POB-EUR,"05",1-1,ğŸ’™ SE Pokemon w/ Pichu yellow/blue âš¡ï¸,UK eBay
2024-04-29,CH22152373,C/CGB-POB-EUR,"05",1-2,ğŸ’™ SE Pokemon w/ Pichu yellow/blue âš¡ï¸,UK eBay
2024-08-30,CH22156502,C/CGB-POB-EUR,"05",1-2,ğŸ’™ SE Pokemon w/ Pichu yellow/blue âš¡ï¸,UK eBay
2025-02-03,CH22166571,C/CGB-POB-EUR,"05",1-6,ğŸ’™ SE Pokemon w/ Pichu yellow/blue âš¡ï¸,UK eBay
2024-08-19,CH22179311,C/CGB-POB-EUR,"05",2-1,ğŸ’™ SE Pokemon w/ Pichu yellow/blue âš¡ï¸,UK eBay
2023-05-17,CH22180351,C/CGB-POB-EUR,"05",2-7,ğŸ’™ SE Pokemon w/ Pichu yellow/blue âš¡ï¸,UK eBay
2024-10-26,CH22181023,C/CGB-POB-EUR,"05",1-5,ğŸ’™ SE Pokemon w/ Pichu yellow/blue âš¡ï¸,UK eBay
2024-12-05,CH22182431,C/CGB-POB-EUR,"05",2-3,ğŸ’™ SE Pokemon w/ Pichu yellow/blue âš¡ï¸,UK eBay
2022-08-06,CH22182711,C/CGB-POB-EUR,"05",2-4,ğŸ’™ SE Pokemon w/ Pichu yellow/blue âš¡ï¸,UK eBay
2024-08-12,CH22189396,C/CGB-POB-EUR,"05",2-6,ğŸ’™ SE Pokemon w/ Pichu yellow/blue âš¡ï¸,JO eBay
2024-11-17,CH22195567,C/CGB-POB-EUR,"05",1-2,ğŸ’™ SE Pokemon w/ Pichu yellow/blue âš¡ï¸,AU eBay
2022-08-05,CH22199896,C/CGB-POB-EUR,"05",?-?,ğŸ’™ SE Pokemon w/ Pichu yellow/blue âš¡ï¸,UK eBay
2022-07-14,CH22200174,C/CGB-POB-EUR,?,1-?,ğŸ’™ SE Pokemon w/ Pichu yellow/blue âš¡ï¸,UK eBay
2025-01-05,CH22202790,C/CGB-POB-EUR,"05",1-9,ğŸ’™ SE Pokemon w/ Pichu yellow/blue âš¡ï¸,UK eBay
2024-08-16,CH22213774,C/CGB-JPN-2,"05",2-3,ğŸ’› Dandelion,UK eBay
2022-07-28,CH22228781,C/CGB-POB-EUR,"05",2-6,ğŸ’™ SE Pokemon w/ Pichu yellow/blue âš¡ï¸,UK eBay
2022-07-11,CH22237260,C/CGB-POB-EUR,"05",1-3,ğŸ’™ SE Pokemon w/ Pichu yellow/blue âš¡ï¸,UK eBay
2024-07-02,CH22245313,C/CGB-POB-EUR,"05",1-7,ğŸ’™ SE Pokemon w/ Pichu yellow/blue âš¡ï¸,UK eBay
2025-05-28,CH22245704,C/CGB-POB-EUR,"05",?-3,ğŸ’™ SE Pokemon w/ Pichu yellow/blue âš¡ï¸,AU eBay
2022-08-14,CH22251055,C/CGB-POB-EUR,"05",2-8,ğŸ’™ SE Pokemon w/ Pichu yellow/blue âš¡ï¸,UK eBay
2024-11-18,CH22251171,Missing,"05",?-?,ğŸ’™ SE Pokemon w/ Pichu yellow/blue âš¡ï¸,UK eBay
2022-06-30,CH22265640,C/CGB-POB-EUR,"05",1-9,ğŸ’™ SE Pokemon w/ Pichu yellow/blue âš¡ï¸,UK eBay
2022-07-17,CH22271002,Missing,"05",?-?,ğŸ’™ SE Pokemon w/ Pichu yellow/blue âš¡ï¸,UK eBay
2022-07-14,CH22271020,C/CGB-POB-EUR,?,1-?,ğŸ’™ SE Pokemon w/ Pichu yellow/blue âš¡ï¸,UK eBay
2022-07-08,CH22272818,C/CGB-POB-EUR,"05",2-2,ğŸ’™ SE Pokemon w/ Pichu yellow/blue âš¡ï¸,UK eBay
2022-08-14,CH22278304,C/CGB-POB-EUR,"05",1-7,ğŸ’™ SE Pokemon w/ Pichu yellow/blue âš¡ï¸,UK eBay
2024-08-12,CH22285515,C/CGB-POB-EUR,"05",1-6,ğŸ’™ SE Pokemon w/ Pichu yellow/blue âš¡ï¸,UK eBay
2024-07-08,CH22292656,C/CGB-POB-EUR,"05",2-7,ğŸ’™ SE Pokemon w/ Pichu yellow/blue âš¡ï¸,UK Marketplace
2024-06-07,CH22293355,C/CGB-POB-EUR,"05",1-9,ğŸ’™ SE Pokemon w/ Pichu yellow/blue âš¡ï¸,UK eBay
2025-06-05,CH22302797,C/CGB-POB-EUR,?,1-?,ğŸ’™ SE Pokemon w/ Pichu yellow/blue âš¡ï¸,DE eBay
2025-02-07,CH22310109,C/CGB-POB-EUR,"05",2-3,ğŸ’™ SE Pokemon w/ Pichu yellow/blue âš¡ï¸,AU eBay
2022-07-14,CH22315900,C/CGB-POB-EUR,"05",2-6,ğŸ’™ SE Pokemon w/ Pichu yellow/blue âš¡ï¸,UK eBay
2022-08-14,CH22318862,C/CGB-POB-EUR,"05",1-7,ğŸ’™ SE Pokemon w/ Pichu yellow/blue âš¡ï¸,UK eBay
2022-07-19,CH22322723,C/CGB-POB-EUR,"05",1-9,ğŸ’™ SE Pokemon w/ Pichu yellow/blue âš¡ï¸,UK eBay
2023-05-30,CH22323423,C/CGB-POB-EUR,"05",1-4,ğŸ’™ SE Pokemon w/ Pichu yellow/blue âš¡ï¸,UK eBay
2024-09-09,CH22344502,C/CGB-POB-EUR,"05",1-6,ğŸ’™ SE Pokemon w/ Pichu yellow/blue âš¡ï¸,UK eBay
2024-05-16,CH22346722,C/CGB-POB-EUR,"05",2-3,ğŸ’™ SE Pokemon w/ Pichu yellow/blue âš¡ï¸,UK eBay
2022-07-21,CH22366107,C/CGB-POB-EUR,"05",?-2,ğŸ’™ SE Pokemon w/ Pichu yellow/blue âš¡ï¸,UK eBay
2025-06-05,CH22387434,Missing,"05",2-?,ğŸ’™ SE Pokemon w/ Pichu yellow/blue âš¡ï¸,IT eBay
2025-06-04,CH22402868,C/CGB-POB-EUR,"05",?-?,ğŸ’™ SE Pokemon w/ Pichu yellow/blue âš¡ï¸,US eBay
2025-03-15,CH22407208,C/CGB-POB-EUR,"05",1-4,ğŸ’™ SE Pokemon w/ Pichu yellow/blue âš¡ï¸,US YouTube
2024-06-27,CH22412930,C/CGB-POB-EUR,"05",1-5,ğŸ’™ SE Pokemon w/ Pichu yellow/blue âš¡ï¸,UK eBay
2024-12-14,CH22446771,C/CGB-EUR,"05",2-4,ğŸ’Ÿ Atomic purple,UK eBay
2022-06-28,CH22466747,Missing,"05",?-?,ğŸ’Ÿ Atomic purple,UK eBay
2022-08-04,CH22473551,C/CGB-POB-EUR,"05",1-2,ğŸ’™ SE Pokemon w/ Pichu yellow/blue âš¡ï¸,UK eBay
2024-09-12,CH22540162,C/CGB-POB-EUR,"05",1-3,ğŸ’™ SE Pokemon w/ Pichu yellow/blue âš¡ï¸,UK eBay
2024-05-08,CH22540824,C/CGB-POB-EUR,"05",1-2,ğŸ’™ SE Pokemon w/ Pichu yellow/blue âš¡ï¸,UK eBay
2025-01-15,CH22540920,C/CGB-POB-EUR,"05",?-5,ğŸ’™ SE Pokemon w/ Pichu yellow/blue âš¡ï¸,UK eBay
2024-11-14,CH22555487,Missing,"05",?-7,ğŸ’œ Grape,US eBay
2024-09-12,CH22557384,C/CGB-JPN-2,"05",2-?,ğŸ’œ Grape,JP eBay
2024-08-05,CH22575847,C/CGB-JPN-2,"05",1-4,ğŸ’› Dandelion,JP eBay
2024-08-10,CH22603659,C/CGB-JPN-2,"05",2-5,ğŸ’Ÿ Atomic purple,JP eBay
2024-07-27,CH22604793,C/CGB-JPN-2,"05",2-2,ğŸ’Ÿ Atomic purple,JP eBay
2025-01-13,CH22612898,C/CGB-JPN-2,"05",2-2,ğŸ’Ÿ Atomic purple,AU eBay
2024-09-02,CH22639863,C/CGB-JPN-2,"05",2-3,ğŸ©µ Teal,JP eBay
2022-08-11,CH22647976,C/CGB-EUR,"05",1-1,ğŸ’Ÿ Atomic purple,UK eBay
2022-08-06,CH22652670,C/CGB-EUR,"05",1-2,ğŸ’Ÿ Atomic purple,UK eBay
2022-08-04,CH22653706,C/CGB-EUR,"05",1-6,ğŸ’Ÿ Atomic purple,UK eBay
2023-05-02,CH22657753,C/CGB-EUR,"05",1-2,ğŸ’Ÿ Atomic purple,UK eBay
2022-06-28,CH22672737,C/CGB-EUR,"05",2-9,ğŸ©µ Teal,UK eBay
2023-04-27,CH22676364,C/CGB-EUR,"05",1-?,ğŸ©µ Teal,UK eBay
2022-06-28,CH22676873,C/CGB-EUR,"05",2-6,ğŸ©µ Teal,UK eBay
2024-07-08,CH22677205,C/CGB-EUR,"05",1-2,ğŸ©µ Teal,UK eBay
2025-06-02,CH22678069,C/CGB-EUR,"05",1-8,ğŸ©µ Teal,UK eBay
2025-06-04,CH22680656,C/CGB-EUR,"05",1-8,ğŸ©µ Teal,US eBay
2022-07-10,CH22688311,C/CGB-EUR,"05",2-5,ğŸ©µ Teal,UK eBay
2024-11-09,CH22690794,C/CGB-EUR,"05",2-7,ğŸ©µ Teal,UK eBay
2022-07-31,CH22691759,C/CGB-EUR,"05",1-3,ğŸ©µ Teal,UK eBay
2024-08-27,CH22695213,C/CGB-EUR,"05",2-3,ğŸ©µ Teal,UK eBay
2022-07-27,CH22695222,C/CGB-EUR,"05",2-5,ğŸ©µ Teal,UK eBay
2024-08-30,CH22696354,C/CGB-EUR,"05",1-7,ğŸ©µ Teal,UK eBay
2022-07-18,CH22702217,C/CGB-EUR,?,2-4,ğŸ’Ÿ Atomic purple,UK eBay
2022-07-30,CH22703306,C/CGB-EUR,"05",2-7,ğŸ’Ÿ Atomic purple,UK eBay
2024-08-19,CH22705353,C/CGB-EUR,"05",1-9,ğŸ’Ÿ Atomic purple,UK eBay
2022-08-09,CH22706775,C/CGB-EUR,"05",1-7,ğŸ’Ÿ Atomic purple,UK eBay
2022-06-27,CH22709523,C/CGB-EUR,"05",2-9,ğŸ’Ÿ Atomic purple,UK eBay
2024-05-15,CH22715131,C/CGB-EUR,"05",2-8,ğŸ’Ÿ Atomic purple,UK eBay
2022-07-26,CH22726660,Missing,"05",1-3,ğŸ’Ÿ Atomic purple,UK eBay
2023-04-14,CH22733576,C/CGB-EUR,"05",2-5,ğŸ’Ÿ Atomic purple,UK eBay
2024-08-08,CH22736564,C/CGB-EUR,"05",2-2,ğŸ’Ÿ Atomic purple,UK eBay
2024-09-01,CH22738885,C/CGB-EUR,"05",2-9,ğŸ’Ÿ Atomic purple,UK eBay
2022-06-28,CH22740900,C/CGB-EUR,"05",?-?,ğŸ’Ÿ Atomic purple,UK eBay
2025-05-29,CH22744291,C/CGB-EUR,"05",1-6,ğŸ’Ÿ Atomic purple,UK eBay
2025-05-29,CH22749323,C/CGB-EUR,"05",2-7,ğŸ’Ÿ Atomic purple,UK eBay
2024-05-24,CH22751584,C/CGB-EUR,"05",2-?,ğŸ’Ÿ Atomic purple,UK eBay
2022-07-05,CH22752643,C/CGB-EUR,"05",2-6,ğŸ’Ÿ Atomic purple,UK eBay
2024-04-22,CH22762004,C/CGB-EUR,"05",?-?,ğŸ’Ÿ Atomic purple,UK eBay
2024-08-15,CH22763328,C/CGB-EUR,"05",2-3,ğŸ’Ÿ Atomic purple,UK eBay
2024-10-31,CH22763880,C/CGB-EUR,"05",2-6,ğŸ’Ÿ Atomic purple,UK eBay
2022-07-10,CH22764836,C/CGB-EUR,"05",1-1,ğŸ’Ÿ Atomic purple,UK eBay
2024-11-22,CH22774170,C/CGB-EUR,"05",1-6,ğŸ©µ Teal,UK eBay
2024-07-27,CH22776276,C/CGB-EUR,"05",?-4,ğŸ©µ Teal,UK eBay
2025-02-05,CH22776870,C/CGB-EUR,"05",1-4,ğŸ©µ Teal,UK eBay
2022-08-14,CH22798661,Missing,"05",2-9,ğŸ©µ Teal,UK eBay
2022-07-24,CH22810220,C/CGB-EUR,"05",2-8,ğŸ©µ Teal,UK eBay
2023-04-25,CH22814690,Missing,"05",1-3,ğŸ©µ Teal,UK eBay
2025-06-18,CH22838594,Missing,"05",1-4,ğŸ©µ Teal,DE eBay
2022-07-25,CH22842660,C/CGB-EUR,"05",1-1,ğŸ©µ Teal,UK eBay
2024-05-04,CH22853254,C/CGB-JPN-2,"05",1-2,ğŸ’Ÿ Atomic purple,UK eBay
2024-12-30,CH22857771,Missing,"05",1-7,ğŸ’Ÿ Atomic purple,US eBay
2022-08-16,CH22900021,C/CGB-JPN-2,"05",5-1,ğŸ’› Dandelion,UK eBay
2025-01-04,CH22931814,C/CGB-JPN-2,"05",?-?,ğŸ¤ Clear translucent,UK eBay
2024-05-24,CH22945503,C/CGB-JPN-2,"05",1-8,ğŸ©µ Teal,UK eBay
2025-06-18,CH22954140,C/CGB-POB-EUR,"05",1-7,ğŸ’™ SE Pokemon w/ Pichu yellow/blue âš¡ï¸,DE eBay
2024-09-16,CH22982967,C/CGB-POB-JPN-1,"05",1-4,ğŸ©¶ SE Pokemon w/ Pichu gold-silver âš¡ï¸,AU eBay
2025-05-28,CH22989940,Reproduction,"05",1-1,ğŸ©¶ SE Pokemon w/ Pichu gold-silver âš¡ï¸,AU eBay
2024-12-26,CH22990963,Missing,"05",6-2,ğŸ©¶ SE Pokemon w/ Pichu gold-silver âš¡ï¸,AU eBay
2024-12-24,CH22991289,C/CGB-POB-JPN-1,"05",2-2,ğŸ©¶ SE Pokemon w/ Pichu gold-silver âš¡ï¸,AU eBay
2024-11-26,CH22994334,C/CGB-POB-JPN-1,"05",9-2,ğŸ©¶ SE Pokemon w/ Pichu gold-silver âš¡ï¸,AU eBay
2024-07-18,CH22996622,C/CGB-POB-JPN-1,"05",1-6,ğŸ©¶ SE Pokemon w/ Pichu gold-silver âš¡ï¸,AU eBay
2024-06-19,CH22998118,C/CGB-POB-JPN-1,"05",2-2,ğŸ©¶ SE Pokemon w/ Pichu gold-silver âš¡ï¸,UK eBay
2025-02-08,CH22999525,C/CGB-POB-JPN-1,"05",2-5,ğŸ©¶ SE Pokemon w/ Pichu gold-silver âš¡ï¸,AU eBay
2024-07-26,CH23003399,C/CGB-POB-JPN-1,"05",3-2,ğŸ©¶ SE Pokemon w/ Pichu gold-silver âš¡ï¸,UK Vinted
2025-05-28,CH23003860,C/CGB-POB-JPN-1,"05",?-2,ğŸ©¶ SE Pokemon w/ Pichu gold-silver âš¡ï¸,AU eBay
2025-07-23,CH23006764,Missing,"05",?-2,ğŸ©¶ SE Pokemon w/ Pichu gold-silver âš¡ï¸,AU eBay
2024-11-18,CH23007193,C/CGB-POB-JPN-1,"05",3-2,ğŸ©¶ SE Pokemon w/ Pichu gold-silver âš¡ï¸,AU eBay
2024-12-30,CH23010058,C/CGB-POB-JPN-1,"05",5-2,ğŸ©¶ SE Pokemon w/ Pichu gold-silver âš¡ï¸,UK eBay
2024-09-28,CH23080280,Missing,"05",?-?,ğŸ’Ÿ Atomic purple,US eBay
2024-09-08,CH23174898,Missing,"05",?-?,ğŸ¤ Clear translucent,JP eBay
2024-07-30,CH23176628,C/CGB-JPN-2,"05",2-8,ğŸ¤ Clear translucent,JP eBay
2022-08-14,CH23179250,C/CGB-JPN-2,"05",2-6,ğŸ¤ Clear translucent,JP eBay
2024-08-29,CH23209386,C/CGB-JPN-2,"05",2-?,ğŸ©· Berry,JP eBay
2025-01-21,CH23263399,C/CGB-POB-EUR,"05",9-2,ğŸ’™ SE Pokemon w/ Pichu yellow/blue âš¡ï¸,UK eBay
2024-07-08,CH23265993,C/CGB-POB-EUR,"05",1-4,ğŸ’™ SE Pokemon w/ Pichu yellow/blue âš¡ï¸,UK Marketplace
2024-04-29,CH23266108,C/CGB-POB-EUR,"05",5-1,ğŸ’™ SE Pokemon w/ Pichu yellow/blue âš¡ï¸,UK eBay
2022-07-11,CH23278652,C/CGB-POB-EUR,?,?-?,ğŸ’™ SE Pokemon w/ Pichu yellow/blue âš¡ï¸,UK eBay
2025-06-17,CH23280259,C/CGB-POB-EUR,"05",1-9,ğŸ’™ SE Pokemon w/ Pichu yellow/blue âš¡ï¸,DE eBay
2024-12-26,CH23290895,C/CGB-POB-EUR,"05",7-2,ğŸ’™ SE Pokemon w/ Pichu yellow/blue âš¡ï¸,AU eBay
2024-08-27,CH23290910,C/CGB-POB-EUR,"05",1-7,ğŸ’™ SE Pokemon w/ Pichu yellow/blue âš¡ï¸,UK eBay
2025-01-02,CH23298035,C/CGB-POB-EUR,"05",5-?,ğŸ’™ SE Pokemon w/ Pichu yellow/blue âš¡ï¸,UK eBay
2023-05-02,CH23320636,C/CGB-POB-EUR,"05",8-1,ğŸ’™ SE Pokemon w/ Pichu yellow/blue âš¡ï¸,UK eBay
2024-04-30,CH23321582,C/CGB-POB-EUR,"05",2-?,ğŸ’™ SE Pokemon w/ Pichu yellow/blue âš¡ï¸,UK eBay
2024-08-12,CH23323955,C/CGB-POB-EUR,"05",1-9,ğŸ’™ SE Pokemon w/ Pichu yellow/blue âš¡ï¸,UK eBay
2024-11-22,CH23328874,C/CGB-POB-EUR,"05",1-9,ğŸ’™ SE Pokemon w/ Pichu yellow/blue âš¡ï¸,US eBay
2024-12-05,CH23335070,C/CGB-POB-EUR,"05",1-8,ğŸ’™ SE Pokemon w/ Pichu yellow/blue âš¡ï¸,UK eBay
2024-09-20,CH23336076,C/CGB-POB-EUR,"05",5-2,ğŸ’™ SE Pokemon w/ Pichu yellow/blue âš¡ï¸,AU eBay
2024-06-24,CH23343983,C/CGB-POB-EUR,"05",2-8,ğŸ’™ SE Pokemon w/ Pichu yellow/blue âš¡ï¸,UK eBay
2025-05-28,CH23351524,C/CGB-POB-EUR,"05",?-1,ğŸ’™ SE Pokemon w/ Pichu yellow/blue âš¡ï¸,AU eBay
2024-12-07,CH23356142,C/CGB-POB-EUR,"05",?-1,ğŸ’™ SE Pokemon w/ Pichu yellow/blue âš¡ï¸,UK eBay
2022-08-01,CH23357188,C/CGB-POB-EUR,"05",2-6,ğŸ’™ SE Pokemon w/ Pichu yellow/blue âš¡ï¸,UK eBay
2022-07-07,CH23387589,C/CGB-POB-EUR,"05",2-2,ğŸ’™ SE Pokemon w/ Pichu yellow/blue âš¡ï¸,UK eBay
2024-08-13,CH23394815,C/CGB-EUR,"05",2-3,ğŸ’Ÿ Atomic purple,UK eBay
2022-06-28,CH23398233,C/CGB-EUR,?,8-2,ğŸ’Ÿ Atomic purple,UK eBay
2022-07-03,CH23421801,C/CGB-EUR,"05",1-8,ğŸ’Ÿ Atomic purple,UK eBay
2024-09-10,CH23422007,C/CGB-EUR,"05",2-1,ğŸ’Ÿ Atomic purple,UK eBay
2024-07-07,CH23424692,C/CGB-EUR,"05",1-9,ğŸ’Ÿ Atomic purple,UK eBay
2022-06-28,CH23426856,C/CGB-EUR,"05",2-6,ğŸ’Ÿ Atomic purple,UK eBay
2024-05-28,CH23430206,C/CGB-EUR,"05",1-1,ğŸ’Ÿ Atomic purple,UK eBay
2024-06-10,CH23458440,C/CGB-EUR,"05",8-2,ğŸ’Ÿ Atomic purple,UK eBay
2024-06-25,CH23458508,C/CGB-EUR,"05",9-1,ğŸ’Ÿ Atomic purple,UK eBay
2022-06-28,CH23458793,C/CGB-EUR,"05",1-1,ğŸ’Ÿ Atomic purple,UK eBay
2022-07-03,CH23458904,Reproduction,"05",2-?,ğŸ’Ÿ Atomic purple,UK eBay
2025-02-12,CH23477907,C/CGB-EUR,"05",?-2,ğŸ’Ÿ Atomic purple,UK eBay
2024-08-09,CH23482974,C/CGB-EUR,"05",6-1,ğŸ’Ÿ Atomic purple,UK Vinted
2025-06-18,CH23486863,C/CGB-EUR,"05",2-8,ğŸ’Ÿ Atomic purple,DE eBay
2024-08-09,CH23507051,C/CGB-EUR,"05",7-2,ğŸ©µ Teal,UK eBay
2022-06-30,CH23510891,C/CGB-EUR,"05",8-1,ğŸ©µ Teal,UK eBay
2024-07-08,CH23515001,C/CGB-EUR,"05",2-2,ğŸ©µ Teal,UK Marketplace
2022-07-14,CH23516197,C/CGB-EUR,"05",1-3,ğŸ©µ Teal,UK eBay
2022-08-11,CH23518095,C/CGB-EUR,"05",5-2,ğŸ©µ Teal,UK eBay
2024-07-27,CH23521193,C/CGB-EUR,"05",2-1,ğŸ©µ Teal,UK eBay
2024-06-24,CH23522113,C/CGB-EUR,"05",7-2,ğŸ©µ Teal,UK eBay
2024-08-04,CH23526133,Missing,"05",2-5,ğŸ©µ Teal,UK YouTube
2024-08-30,CH23532714,C/CGB-EUR,"05",2-2,ğŸ©µ Teal,UK eBay
2024-05-06,CH23548670,C/CGB-EUR,"05",2-1,ğŸ©µ Teal,UK eBay
2024-05-18,CH23549938,C/CGB-EUR,"05",2-4,ğŸ©µ Teal,UK eBay
2022-08-14,CH23561766,C/CGB-EUR,"05",4-2,ğŸ©µ Teal,UK eBay
2024-10-03,CH23567194,C/CGB-EUR,"05",2-2,ğŸ©µ Teal,UK eBay
2022-07-17,CH23570256,C/CGB-EUR,"05",5-2,ğŸ©µ Teal,UK eBay
2022-07-30,CH23572519,C/CGB-EUR,"05",3-1,ğŸ©µ Teal,UK eBay
2022-08-07,CH23577041,C/CGB-EUR,"05",1-2,ğŸ©µ Teal,UK eBay
2024-07-07,CH23582012,C/CGB-EUR,"05",7-2,ğŸ©µ Teal,UK eBay
2024-07-15,CH23625269,C/CGB-JPN-2,"06",6-2,ğŸ’Ÿ Atomic purple,UK eBay
2025-05-28,CH23642735,C/CGB-POB-JPN-1,"05",3-1,ğŸ©¶ SE Pokemon w/ Pichu gold-silver âš¡ï¸,AU eBay
2024-11-08,CH23643771,C/CGB-POB-JPN-1,"05",1-1,ğŸ©¶ SE Pokemon w/ Pichu gold-silver âš¡ï¸,AU eBay
2025-01-22,CH23646890,C/CGB-POB-JPN-1,"06",4-2,ğŸ©¶ SE Pokemon w/ Pichu gold-silver âš¡ï¸,AU eBay
2024-09-09,CH23651546,C/CGB-POB-JPN-1,"05",2-1,ğŸ©¶ SE Pokemon w/ Pichu gold-silver âš¡ï¸,UK eBay
2024-07-09,CH23664032,C/CGB-JPN-2,"06",3-1,ğŸ’§ SE transparent water blue,consolevariations
2024-11-11,CH23669150,C/CGB-JPN-2,"06",2-2,ğŸ’œ Grape,UK eBay
2024-11-09,CH23710256,C/CGB-JPN-2,"06",6-2,ğŸ’Ÿ Atomic purple,US eBay
2024-07-30,CH23717845,C/CGB-JPN-2,"06",6-1,ğŸ©· Berry,JP eBay
2024-08-22,CH23734532,C/CGB-JPN-2,"06",4-2,ğŸ©µ Teal,JP eBay
2024-08-10,CH23758734,C/CGB-JPN-2,"06",4-1,ğŸ©µ Teal,JP eBay
2024-12-08,CH23766195,C/CGB-JPN-2,"06",2-2,ğŸ©µ Teal,CA eBay
2024-08-14,CH23782915,C/CGB-JPN-2,"06",8-1,ğŸ©· Berry,JP eBay
2024-05-01,CH23789380,C/CGB-JPN-2,"06",6-1,ğŸ©· Berry,UK eBay
2024-09-03,CH23826471,C/CGB-JPN-2,"06",?-?,ğŸ©· Berry,JP eBay
2024-07-19,CH23839733,C/CGB-JPN-2,"05",1-3,ğŸ’› Dandelion,UK eBay
2024-08-10,CH23864308,C/CGB-JPN-2,"06",1-2,ğŸ’Ÿ Atomic purple,JP eBay
2024-08-02,CH23865503,C/CGB-JPN-2,"05",1-5,ğŸ’Ÿ Atomic purple,US eBay
2024-12-05,CH23870901,C/CGB-JPN-2,"06",5-2,ğŸ©· Berry,UK eBay
2024-08-22,CH23877822,C/CGB-JPN-2,"06",8-2,ğŸ¤ Clear translucent,JP eBay
2024-09-03,CH23915305,C/CGB-JPN-2,"05",?-2,ğŸ’Ÿ Atomic purple,JP eBay
2024-08-04,CH23939183,C/CGB-JPN-2,"05",9-2,ğŸ¤ Clear translucent,US eBay
2025-01-07,CH23939616,C/CGB-JPN-2,"05",2-7,ğŸ¤ Clear translucent,UK eBay
2024-11-10,CH23959611,C/CGB-JPN-2,"05",4-1,ğŸ©µ Teal,UK eBay
2024-11-11,CH23973709,C/CGB-EUR,"05",6-2,ğŸ©µ Teal,UK eBay
2024-07-10,CH23973955,C/CGB-EUR,"05",1-2,ğŸ©µ Teal,UK eBay
2024-11-17,CH23992068,C/CGB-EUR,"05",2-2,ğŸ©µ Teal,UK eBay
2025-01-12,CH23992082,C/CGB-EUR,"05",2-3,ğŸ©µ Teal,UK eBay
2022-07-21,CH24006067,C/CGB-EUR,"05",1-5,ğŸ©µ Teal,UK eBay
2024-11-21,CH24009836,C/CGB-EUR,"05",2-4,ğŸ©µ Teal,UK eBay
2024-08-09,CH24029776,C/CGB-EUR,"05",2-8,ğŸ©µ Teal,UK Vinted
2025-05-30,CH24031097,C/CGB-EUR,"05",5-2,ğŸ©µ Teal,UK eBay
2025-06-04,CH24034114,C/CGB-EUR,"05",5-2,ğŸ’Ÿ Atomic purple,UK eBay
2023-04-22,CH24069052,C/CGB-EUR,"05",2-1,ğŸ©µ Teal,UK eBay
2025-02-12,CH24071078,C/CGB-EUR,"05",1-6,ğŸ©µ Teal,UK eBay
2024-06-29,CH24077544,C/CGB-EUR,"05",8-2,ğŸ©µ Teal,UK eBay
2024-07-17,CH24078827,C/CGB-EUR,"05",5-1,ğŸ©µ Teal,UK eBay
2024-09-09,CH24079958,C/CGB-EUR,"05",6-2,ğŸ©µ Teal,UK eBay
2025-05-29,CH24081289,C/CGB-EUR,"05",1-2,ğŸ©µ Teal,UK eBay
2022-07-04,CH24082282,C/CGB-EUR,"05",2-3,ğŸ©µ Teal,UK eBay
2024-09-09,CH24086649,C/CGB-EUR,"05",2-6,ğŸ©µ Teal,UK eBay
2023-05-28,CH24086895,C/CGB-EUR,"05",2-4,ğŸ©µ Teal,UK eBay
2025-01-21,CH24086921,Missing,"05",1-9,ğŸ©µ Teal,UK eBay
2022-07-19,CH24090144,C/CGB-EUR,"05",2-2,ğŸ©µ Teal,UK eBay
2022-07-19,CH24095110,C/CGB-EUR,"05",6-2,ğŸ©µ Teal,UK eBay
2025-05-30,CH24189265,Missing,"06",1-?,ğŸ’œ Grape,US eBay
2024-08-16,CH24216394,C/CGB-JPN-2,"06",7-?,ğŸ’Ÿ Atomic purple,US eBay
2022-06-27,CH24216664,C/CGB-JPN-2,?,?-?,ğŸ’Ÿ Atomic purple,UK eBay
2023-05-30,CH24224683,C/CGB-JPN-2,"06",1-1,ğŸ’Ÿ Atomic purple,gbhwdb.gekkio.fi
2024-12-05,CH24267197,C/CGB-JPN-2,"06",7-1,ğŸ’œ Grape,US eBay
2022-07-24,CH24300997,C/CGB-JPN-2,"06",1-1,ğŸ¤ Clear translucent,UK eBay
2024-11-19,CH24318788,C/CGB-JPN-2,"06",2-2,ğŸ©· Berry,US eBay
2025-06-04,CH24329021,C/CGB-JPN-2,"06",?-1,ğŸ©µ Teal,US eBay
2024-08-22,CH24348765,C/CGB-JPN-2,"06",2-2,ğŸ’› Dandelion,JP eBay
2025-06-06,CH24496345,Missing,"06",3-1,ğŸ©µ Teal,DE eBay
2024-08-30,CH24514458,C/CGB-JPN-2,"06",7-1,ğŸ’› Dandelion,JP eBay
2024-07-29,CH24539095,C/CGB-EUR,"06",2-1,ğŸ’Ÿ Atomic purple,US eBay
2024-12-12,CH24585968,C/CGB-JPN-2,"06",3-2,ğŸ’œ Grape,JP eBay
2022-07-04,CH24602380,C/CGB-JPN-2,"06",5-1,ğŸ’Ÿ Atomic purple,UK eBay
2024-07-25,CH24635359,C/CGB-JPN-2,"06",2-2,ğŸ¤ Clear translucent,UK eBay
2022-06-30,CH24642212,C/CGB-JPN-2,"06",9-1,ğŸ©· Berry,UK eBay
2024-12-28,CH24650501,C/CGB-JPN-2,"06",9-2,ğŸ©µ Teal,US eBay
2024-07-30,CH24685271,C/CGB-JPN-2,"06",1-1,ğŸ’Ÿ Atomic purple,JP eBay
,,,,,,
2025-09-05, R03572,,,,, Copyright (C) Andrew C.E. Dent 2022-2025.
          ,       ,,,,, This work is licensed under CC BY-NC-SA. See:
          ,       ,,,,, https://creativecommons.org/licenses/by-nc-sa/4.0/
          ,       ,,,,, Provided â€œas isâ€- without warranty of any kind.
